prn,subject,teacher,week_number,day_name,day_no,lecture_type,lecture_timing,attendance,festival,date
1001,SS,Nikita Sharma,2,Friday,10,Theory,11:00,1,TRUE,2025-01-10
1001,COD,Aditiya Agarwal,2,Friday,10,Theory,11:00,1,TRUE,2025-01-10
1001,WT-1,Ritika Sharma,3,Tuesday,14,Practical,10:00,1,TRUE,2025-01-14
1001,Python-1,Nikita Sharma,3,Tuesday,14,Theory,10:00,1,TRUE,2025-01-14
1001,DM,Aarya Bhatkar,3,Wednesday,15,Practical,14:00,1,TRUE,2025-01-15
1001,DM,Aarya Bhatkar,3,Wednesday,15,Theory,14:00,0,TRUE,2025-01-15
1001,DM,Aarya Bhatkar,3,Wednesday,15,Practical,12:00,1,TRUE,2025-01-15
1001,SR,Nikita Sharma,3,Saturday,18,Practical,13:00,1,TRUE,2025-01-18
1001,DM,Aarya Bhatkar,3,Saturday,18,Theory,12:00,1,TRUE,2025-01-18
1001,SR,Nikita Sharma,3,Saturday,18,Practical,12:00,1,TRUE,2025-01-18
1001,DB,Geeta Brijwani,4,Monday,20,Practical,14:00,1,TRUE,2025-01-20
1001,DB,Geeta Brijwani,4,Monday,20,Theory,11:00,1,TRUE,2025-01-20
1001,WT-1,Ritika Sharma,4,Monday,20,Theory,14:00,1,TRUE,2025-01-20
1001,DB,Geeta Brijwani,4,Tuesday,21,Theory,14:00,1,TRUE,2025-01-21
1001,WT-1,Ritika Sharma,4,Friday,24,Practical,10:00,0,TRUE,2025-01-24
1001,COD,Aditiya Agarwal,4,Friday,24,Theory,11:00,1,TRUE,2025-01-24
1001,WT-1,Ritika Sharma,4,Friday,24,Theory,09:00,1,TRUE,2025-01-24
1001,WT-1,Ritika Sharma,4,Friday,24,Theory,14:00,1,TRUE,2025-01-24
1001,SS,Nikita Sharma,5,Tuesday,28,Theory,09:00,1,TRUE,2025-01-28
1001,SS,Nikita Sharma,5,Tuesday,28,Practical,09:00,1,TRUE,2025-01-28
1001,Python-1,Nikita Sharma,5,Tuesday,28,Theory,09:00,1,TRUE,2025-01-28
1001,WT-1,Ritika Sharma,5,Tuesday,28,Practical,14:00,1,TRUE,2025-01-28
1001,DB,Geeta Brijwani,5,Wednesday,29,Theory,10:00,0,TRUE,2025-01-29
1001,WT-1,Ritika Sharma,5,Wednesday,29,Theory,09:00,1,TRUE,2025-01-29
1001,DB,Geeta Brijwani,5,Wednesday,29,Practical,14:00,0,TRUE,2025-01-29
1001,Python-1,Nikita Sharma,5,Friday,31,Theory,14:00,1,TRUE,2025-01-31
1001,WT-1,Ritika Sharma,5,Friday,31,Theory,11:00,1,TRUE,2025-01-31
1001,DB,Geeta Brijwani,5,Friday,31,Practical,12:00,1,TRUE,2025-01-31
1001,DM,Aarya Bhatkar,5,Friday,31,Theory,11:00,1,TRUE,2025-01-31
1001,DB,Geeta Brijwani,6,Monday,3,Theory,10:00,1,TRUE,2025-02-03
1001,DB,Geeta Brijwani,6,Monday,3,Theory,11:00,1,TRUE,2025-02-03
1001,WT-1,Ritika Sharma,6,Tuesday,4,Practical,09:00,1,TRUE,2025-02-04
1001,DB,Geeta Brijwani,6,Tuesday,4,Theory,09:00,1,TRUE,2025-02-04
1001,WT-1,Ritika Sharma,6,Friday,7,Theory,14:00,1,TRUE,2025-02-07
1001,SS,Nikita Sharma,6,Friday,7,Theory,14:00,1,TRUE,2025-02-07
1001,DM,Aarya Bhatkar,6,Friday,7,Theory,11:00,1,TRUE,2025-02-07
1001,SS,Nikita Sharma,6,Friday,7,Practical,14:00,1,TRUE,2025-02-07
1001,SR,Nikita Sharma,6,Friday,7,Theory,10:00,1,TRUE,2025-02-07
1001,WT-1,Ritika Sharma,6,Saturday,8,Practical,13:00,1,TRUE,2025-02-08
1001,SS,Nikita Sharma,6,Saturday,8,Theory,14:00,0,TRUE,2025-02-08
1001,WT-1,Ritika Sharma,7,Monday,10,Theory,09:00,1,TRUE,2025-02-10
1001,DM,Aarya Bhatkar,7,Monday,10,Theory,11:00,1,TRUE,2025-02-10
1001,COD,Aditiya Agarwal,7,Monday,10,Theory,12:00,1,TRUE,2025-02-10
1001,WT-1,Ritika Sharma,7,Wednesday,12,Practical,13:00,1,TRUE,2025-02-12
1001,DM,Aarya Bhatkar,7,Wednesday,12,Practical,09:00,1,TRUE,2025-02-12
1001,SS,Nikita Sharma,7,Wednesday,12,Theory,12:00,1,TRUE,2025-02-12
1001,DM,Aarya Bhatkar,7,Wednesday,12,Theory,12:00,1,TRUE,2025-02-12
1001,SR,Nikita Sharma,7,Friday,14,Theory,13:00,0,TRUE,2025-02-14
1001,Python-1,Nikita Sharma,7,Friday,14,Practical,13:00,1,TRUE,2025-02-14
1001,DB,Geeta Brijwani,7,Friday,14,Theory,10:00,1,TRUE,2025-02-14
1001,DB,Geeta Brijwani,7,Friday,14,Practical,12:00,1,TRUE,2025-02-14
1001,DB,Geeta Brijwani,7,Saturday,15,Practical,13:00,1,TRUE,2025-02-15
1001,WT-1,Ritika Sharma,7,Saturday,15,Practical,14:00,1,TRUE,2025-02-15
1001,COD,Aditiya Agarwal,8,Tuesday,18,Theory,14:00,1,TRUE,2025-02-18
1001,WT-1,Ritika Sharma,8,Tuesday,18,Theory,13:00,1,TRUE,2025-02-18
1001,SR,Nikita Sharma,8,Tuesday,18,Practical,13:00,1,TRUE,2025-02-18
1001,COD,Aditiya Agarwal,8,Tuesday,18,Practical,12:00,1,TRUE,2025-02-18
1001,SR,Nikita Sharma,8,Friday,21,Theory,13:00,1,TRUE,2025-02-21
1001,DB,Geeta Brijwani,8,Friday,21,Theory,12:00,1,TRUE,2025-02-21
1001,SR,Nikita Sharma,8,Friday,21,Practical,12:00,1,TRUE,2025-02-21
1001,WT-1,Ritika Sharma,8,Friday,21,Theory,12:00,1,TRUE,2025-02-21
1001,SS,Nikita Sharma,8,Friday,21,Theory,14:00,1,TRUE,2025-02-21
1001,COD,Aditiya Agarwal,8,Saturday,22,Theory,09:00,0,TRUE,2025-02-22
1001,Python-1,Nikita Sharma,8,Saturday,22,Theory,10:00,0,TRUE,2025-02-22
1001,DB,Geeta Brijwani,8,Saturday,22,Practical,14:00,1,TRUE,2025-02-22
1001,WT-1,Ritika Sharma,8,Saturday,22,Theory,13:00,1,TRUE,2025-02-22
1001,COD,Aditiya Agarwal,9,Monday,24,Theory,12:00,1,TRUE,2025-02-24
1001,DB,Geeta Brijwani,9,Monday,24,Practical,10:00,1,TRUE,2025-02-24
1001,SS,Nikita Sharma,9,Tuesday,25,Practical,11:00,1,TRUE,2025-02-25
1001,SS,Nikita Sharma,9,Tuesday,25,Practical,12:00,1,TRUE,2025-02-25
1001,SR,Nikita Sharma,9,Wednesday,26,Practical,12:00,1,TRUE,2025-02-26
1001,DB,Geeta Brijwani,9,Wednesday,26,Theory,10:00,1,TRUE,2025-02-26
1001,WT-1,Ritika Sharma,9,Saturday,1,Theory,11:00,1,TRUE,2025-03-01
1001,Python-1,Nikita Sharma,9,Saturday,1,Practical,09:00,1,TRUE,2025-03-01
1001,DB,Geeta Brijwani,9,Saturday,1,Theory,14:00,1,TRUE,2025-03-01
1001,DM,Aarya Bhatkar,10,Monday,3,Theory,10:00,1,TRUE,2025-03-03
1001,DM,Aarya Bhatkar,10,Monday,3,Theory,14:00,1,TRUE,2025-03-03
1001,SS,Nikita Sharma,10,Monday,3,Practical,12:00,1,TRUE,2025-03-03
1001,DM,Aarya Bhatkar,10,Monday,3,Theory,13:00,1,TRUE,2025-03-03
1001,DM,Aarya Bhatkar,10,Monday,3,Theory,14:00,1,TRUE,2025-03-03
1001,Python-1,Nikita Sharma,10,Tuesday,4,Practical,10:00,1,TRUE,2025-03-04
1001,WT-1,Ritika Sharma,10,Tuesday,4,Practical,13:00,1,TRUE,2025-03-04
1001,Python-1,Nikita Sharma,10,Wednesday,5,Theory,11:00,1,TRUE,2025-03-05
1001,SS,Nikita Sharma,10,Wednesday,5,Theory,11:00,1,TRUE,2025-03-05
1001,DB,Geeta Brijwani,10,Wednesday,5,Practical,11:00,1,TRUE,2025-03-05
1001,SS,Nikita Sharma,10,Friday,7,Theory,12:00,1,TRUE,2025-03-07
1001,DM,Aarya Bhatkar,10,Friday,7,Theory,12:00,1,TRUE,2025-03-07
1001,DM,Aarya Bhatkar,10,Friday,7,Practical,11:00,1,TRUE,2025-03-07
1001,SS,Nikita Sharma,11,Monday,10,Theory,12:00,1,TRUE,2025-03-10
1001,COD,Aditiya Agarwal,11,Monday,10,Theory,12:00,1,TRUE,2025-03-10
1001,DB,Geeta Brijwani,11,Monday,10,Theory,14:00,1,TRUE,2025-03-10
1001,SR,Nikita Sharma,11,Monday,10,Practical,12:00,1,TRUE,2025-03-10
1001,DB,Geeta Brijwani,11,Monday,10,Practical,14:00,1,TRUE,2025-03-10
1001,WT-1,Ritika Sharma,11,Tuesday,11,Theory,13:00,1,TRUE,2025-03-11
1001,SR,Nikita Sharma,11,Tuesday,11,Practical,12:00,1,TRUE,2025-03-11
1001,Python-1,Nikita Sharma,11,Tuesday,11,Theory,09:00,1,TRUE,2025-03-11
1001,WT-1,Ritika Sharma,11,Wednesday,12,Practical,10:00,1,TRUE,2025-03-12
1001,WT-1,Ritika Sharma,11,Wednesday,12,Practical,14:00,1,TRUE,2025-03-12
1001,WT-1,Ritika Sharma,11,Wednesday,12,Theory,11:00,1,TRUE,2025-03-12
1001,Python-1,Nikita Sharma,11,Wednesday,12,Theory,12:00,1,TRUE,2025-03-12
1001,COD,Aditiya Agarwal,11,Wednesday,12,Theory,09:00,1,TRUE,2025-03-12
1001,DB,Geeta Brijwani,11,Friday,14,Practical,11:00,1,TRUE,2025-03-14
1001,Python-1,Nikita Sharma,11,Friday,14,Practical,10:00,1,TRUE,2025-03-14
1001,WT-1,Ritika Sharma,11,Friday,14,Theory,10:00,1,TRUE,2025-03-14
1001,DB,Geeta Brijwani,11,Friday,14,Theory,11:00,1,TRUE,2025-03-14
1001,Python-1,Nikita Sharma,11,Saturday,15,Theory,10:00,1,TRUE,2025-03-15
1001,SR,Nikita Sharma,11,Saturday,15,Practical,12:00,1,TRUE,2025-03-15
1001,DM,Aarya Bhatkar,11,Saturday,15,Theory,12:00,1,TRUE,2025-03-15
1001,SS,Nikita Sharma,12,Monday,17,Theory,11:00,1,TRUE,2025-03-17
1001,WT-1,Ritika Sharma,12,Monday,17,Practical,09:00,1,TRUE,2025-03-17
1001,DM,Aarya Bhatkar,12,Monday,17,Theory,09:00,1,TRUE,2025-03-17
1001,WT-1,Ritika Sharma,12,Monday,17,Theory,09:00,1,TRUE,2025-03-17
1001,DB,Geeta Brijwani,12,Monday,17,Practical,12:00,1,TRUE,2025-03-17
1001,SS,Nikita Sharma,12,Tuesday,18,Practical,14:00,1,TRUE,2025-03-18
1001,DB,Geeta Brijwani,12,Tuesday,18,Theory,13:00,0,TRUE,2025-03-18
1001,DB,Geeta Brijwani,12,Tuesday,18,Theory,14:00,1,TRUE,2025-03-18
1001,DB,Geeta Brijwani,12,Tuesday,18,Theory,13:00,1,TRUE,2025-03-18
1001,DB,Geeta Brijwani,12,Wednesday,19,Practical,13:00,1,TRUE,2025-03-19
1001,COD,Aditiya Agarwal,12,Wednesday,19,Theory,10:00,1,TRUE,2025-03-19
1001,COD,Aditiya Agarwal,12,Wednesday,19,Theory,09:00,1,TRUE,2025-03-19
1001,SR,Nikita Sharma,12,Wednesday,19,Theory,10:00,1,TRUE,2025-03-19
1001,SR,Nikita Sharma,12,Friday,21,Theory,14:00,0,TRUE,2025-03-21
1001,DB,Geeta Brijwani,12,Friday,21,Practical,12:00,1,TRUE,2025-03-21
1001,DB,Geeta Brijwani,12,Friday,21,Practical,14:00,1,TRUE,2025-03-21
1001,WT-1,Ritika Sharma,12,Saturday,22,Theory,12:00,1,TRUE,2025-03-22
1001,COD,Aditiya Agarwal,12,Saturday,22,Theory,10:00,1,TRUE,2025-03-22
1001,COD,Aditiya Agarwal,13,Monday,24,Practical,11:00,1,TRUE,2025-03-24
1001,DM,Aarya Bhatkar,13,Monday,24,Practical,09:00,1,TRUE,2025-03-24
1001,COD,Aditiya Agarwal,13,Wednesday,26,Theory,14:00,1,TRUE,2025-03-26
1001,COD,Aditiya Agarwal,13,Wednesday,26,Theory,13:00,1,TRUE,2025-03-26
1001,DM,Aarya Bhatkar,13,Friday,28,Theory,09:00,1,TRUE,2025-03-28
1001,WT-1,Ritika Sharma,13,Friday,28,Theory,09:00,1,TRUE,2025-03-28
1001,WT-1,Ritika Sharma,13,Friday,28,Theory,13:00,1,TRUE,2025-03-28
1001,COD,Aditiya Agarwal,13,Friday,28,Practical,10:00,1,TRUE,2025-03-28
1001,SS,Nikita Sharma,13,Saturday,29,Theory,10:00,1,TRUE,2025-03-29
1001,COD,Aditiya Agarwal,13,Saturday,29,Practical,13:00,1,TRUE,2025-03-29
1001,SR,Nikita Sharma,13,Saturday,29,Practical,11:00,1,TRUE,2025-03-29
1001,SS,Nikita Sharma,14,Monday,31,Practical,14:00,0,TRUE,2025-03-31
1001,Python-1,Nikita Sharma,14,Monday,31,Practical,10:00,1,TRUE,2025-03-31
1001,COD,Aditiya Agarwal,14,Monday,31,Practical,11:00,1,TRUE,2025-03-31
1001,WT-1,Ritika Sharma,14,Monday,31,Practical,14:00,1,TRUE,2025-03-31
1001,DM,Aarya Bhatkar,14,Tuesday,1,Practical,14:00,1,TRUE,2025-04-01
1001,DB,Geeta Brijwani,14,Tuesday,1,Practical,10:00,1,TRUE,2025-04-01
1001,DM,Aarya Bhatkar,14,Tuesday,1,Practical,12:00,1,TRUE,2025-04-01
1001,WT-1,Ritika Sharma,14,Tuesday,1,Practical,11:00,0,TRUE,2025-04-01
1001,DM,Aarya Bhatkar,14,Tuesday,1,Practical,14:00,1,TRUE,2025-04-01
1001,Python-1,Nikita Sharma,14,Wednesday,2,Practical,09:00,1,TRUE,2025-04-02
1001,DM,Aarya Bhatkar,14,Wednesday,2,Practical,13:00,1,TRUE,2025-04-02
1001,DB,Geeta Brijwani,14,Wednesday,2,Theory,14:00,0,TRUE,2025-04-02
1001,COD,Aditiya Agarwal,14,Wednesday,2,Practical,11:00,1,TRUE,2025-04-02
1001,DM,Aarya Bhatkar,14,Wednesday,2,Practical,10:00,1,TRUE,2025-04-02
1001,DM,Aarya Bhatkar,14,Friday,4,Theory,10:00,1,TRUE,2025-04-04
1001,COD,Aditiya Agarwal,14,Friday,4,Practical,14:00,1,TRUE,2025-04-04
1001,SS,Nikita Sharma,14,Friday,4,Theory,12:00,1,TRUE,2025-04-04
1001,COD,Aditiya Agarwal,15,Monday,7,Practical,12:00,0,TRUE,2025-04-07
1001,DB,Geeta Brijwani,15,Monday,7,Practical,13:00,1,TRUE,2025-04-07
1001,DM,Aarya Bhatkar,15,Tuesday,8,Practical,11:00,1,TRUE,2025-04-08
1001,SR,Nikita Sharma,15,Tuesday,8,Practical,14:00,1,TRUE,2025-04-08
1001,DB,Geeta Brijwani,15,Tuesday,8,Theory,10:00,1,TRUE,2025-04-08
1001,SR,Nikita Sharma,15,Tuesday,8,Theory,14:00,1,TRUE,2025-04-08
1001,WT-1,Ritika Sharma,15,Tuesday,8,Theory,12:00,1,TRUE,2025-04-08
1001,WT-1,Ritika Sharma,15,Wednesday,9,Theory,09:00,1,TRUE,2025-04-09
1001,COD,Aditiya Agarwal,15,Wednesday,9,Theory,10:00,1,TRUE,2025-04-09
1001,Python-1,Nikita Sharma,15,Wednesday,9,Practical,09:00,1,TRUE,2025-04-09
1001,DB,Geeta Brijwani,15,Friday,11,Theory,12:00,1,TRUE,2025-04-11
1001,Python-1,Nikita Sharma,15,Friday,11,Theory,13:00,1,TRUE,2025-04-11
1001,DB,Geeta Brijwani,15,Friday,11,Theory,13:00,1,TRUE,2025-04-11
1001,SR,Nikita Sharma,15,Friday,11,Theory,13:00,1,TRUE,2025-04-11
1001,SR,Nikita Sharma,15,Friday,11,Practical,10:00,1,TRUE,2025-04-11
1001,WT-1,Ritika Sharma,15,Saturday,12,Practical,13:00,1,TRUE,2025-04-12
1001,WT-1,Ritika Sharma,15,Saturday,12,Practical,13:00,1,TRUE,2025-04-12
1001,DB,Geeta Brijwani,15,Saturday,12,Theory,14:00,1,TRUE,2025-04-12
1001,SS,Nikita Sharma,16,Monday,14,Theory,12:00,1,TRUE,2025-04-14
1001,Python-1,Nikita Sharma,16,Monday,14,Theory,10:00,1,TRUE,2025-04-14
1001,COD,Aditiya Agarwal,16,Tuesday,15,Practical,14:00,1,TRUE,2025-04-15
1001,Python-1,Nikita Sharma,16,Tuesday,15,Practical,10:00,1,TRUE,2025-04-15
1001,COD,Aditiya Agarwal,16,Wednesday,16,Theory,09:00,1,TRUE,2025-04-16
1001,WT-1,Ritika Sharma,16,Wednesday,16,Theory,10:00,1,TRUE,2025-04-16
1001,DB,Geeta Brijwani,16,Saturday,19,Theory,11:00,1,TRUE,2025-04-19
1001,DB,Geeta Brijwani,16,Saturday,19,Theory,11:00,1,TRUE,2025-04-19
1001,DB,Geeta Brijwani,16,Saturday,19,Practical,10:00,1,TRUE,2025-04-19
1001,Python-1,Nikita Sharma,16,Saturday,19,Practical,10:00,0,TRUE,2025-04-19
1001,SR,Nikita Sharma,17,Monday,21,Theory,12:00,1,TRUE,2025-04-21
1001,SR,Nikita Sharma,17,Tuesday,22,Practical,14:00,1,TRUE,2025-04-22
1001,COD,Aditiya Agarwal,17,Tuesday,22,Theory,12:00,1,TRUE,2025-04-22
1001,COD,Aditiya Agarwal,17,Tuesday,22,Practical,09:00,1,TRUE,2025-04-22
1001,COD,Aditiya Agarwal,17,Wednesday,23,Theory,12:00,1,TRUE,2025-04-23
1001,WT-1,Ritika Sharma,17,Wednesday,23,Practical,12:00,1,TRUE,2025-04-23
1001,SS,Nikita Sharma,17,Wednesday,23,Theory,14:00,1,TRUE,2025-04-23
1001,SR,Nikita Sharma,17,Friday,25,Practical,10:00,1,TRUE,2025-04-25
1001,SS,Nikita Sharma,17,Friday,25,Theory,10:00,0,TRUE,2025-04-25
1001,DM,Aarya Bhatkar,17,Friday,25,Theory,11:00,1,TRUE,2025-04-25
1001,SS,Nikita Sharma,17,Friday,25,Practical,13:00,1,TRUE,2025-04-25
1001,SS,Nikita Sharma,17,Saturday,26,Practical,10:00,1,TRUE,2025-04-26
1001,DM,Aarya Bhatkar,17,Saturday,26,Practical,12:00,1,TRUE,2025-04-26
1001,COD,Aditiya Agarwal,17,Saturday,26,Theory,13:00,1,TRUE,2025-04-26
1001,SS,Nikita Sharma,17,Saturday,26,Theory,14:00,1,TRUE,2025-04-26
1001,DM,Aarya Bhatkar,17,Saturday,26,Practical,14:00,1,TRUE,2025-04-26
1001,DB,Geeta Brijwani,18,Monday,28,Practical,09:00,1,TRUE,2025-04-28
1001,DM,Aarya Bhatkar,18,Monday,28,Theory,10:00,1,TRUE,2025-04-28
1001,COD,Aditiya Agarwal,18,Monday,28,Practical,09:00,1,TRUE,2025-04-28
1001,COD,Aditiya Agarwal,18,Tuesday,29,Theory,12:00,0,TRUE,2025-04-29
1001,WT-1,Ritika Sharma,18,Tuesday,29,Practical,13:00,1,TRUE,2025-04-29
1001,DB,Geeta Brijwani,18,Tuesday,29,Practical,09:00,1,TRUE,2025-04-29
1001,Python-1,Nikita Sharma,18,Wednesday,30,Practical,14:00,1,TRUE,2025-04-30
1001,COD,Aditiya Agarwal,18,Wednesday,30,Practical,09:00,1,TRUE,2025-04-30
1001,SR,Nikita Sharma,18,Wednesday,30,Theory,14:00,1,TRUE,2025-04-30
1001,DM,Aarya Bhatkar,19,Monday,5,Theory,11:00,0,TRUE,2025-05-05
1001,DB,Geeta Brijwani,19,Monday,5,Practical,10:00,0,TRUE,2025-05-05
1001,SR,Nikita Sharma,19,Monday,5,Practical,09:00,1,TRUE,2025-05-05
1001,WT-1,Ritika Sharma,19,Tuesday,6,Practical,13:00,1,TRUE,2025-05-06
1001,DM,Aarya Bhatkar,19,Tuesday,6,Theory,13:00,1,TRUE,2025-05-06
1001,SS,Nikita Sharma,19,Tuesday,6,Theory,11:00,1,TRUE,2025-05-06
1001,Python-1,Nikita Sharma,19,Wednesday,7,Theory,10:00,1,TRUE,2025-05-07
1001,DM,Aarya Bhatkar,19,Wednesday,7,Theory,09:00,1,TRUE,2025-05-07
1001,Python-1,Nikita Sharma,19,Friday,9,Theory,13:00,1,TRUE,2025-05-09
1001,WT-1,Ritika Sharma,19,Friday,9,Practical,13:00,1,TRUE,2025-05-09
1001,WT-1,Ritika Sharma,19,Friday,9,Practical,14:00,1,TRUE,2025-05-09
1001,Python-1,Nikita Sharma,20,Monday,12,Theory,12:00,1,TRUE,2025-05-12
1001,SR,Nikita Sharma,20,Monday,12,Theory,10:00,0,TRUE,2025-05-12
1001,SS,Nikita Sharma,20,Monday,12,Theory,11:00,1,TRUE,2025-05-12
1001,COD,Aditiya Agarwal,20,Tuesday,13,Theory,12:00,1,TRUE,2025-05-13
1001,Python-1,Nikita Sharma,20,Tuesday,13,Practical,09:00,1,TRUE,2025-05-13
1001,SS,Nikita Sharma,20,Tuesday,13,Practical,11:00,1,TRUE,2025-05-13
1001,WT-1,Ritika Sharma,20,Tuesday,13,Theory,11:00,1,TRUE,2025-05-13
1001,SR,Nikita Sharma,20,Wednesday,14,Theory,12:00,0,TRUE,2025-05-14
1001,DM,Aarya Bhatkar,20,Wednesday,14,Theory,12:00,1,TRUE,2025-05-14
1001,WT-2,Ali Azdar,24,Tuesday,10,Practical,14:00,0,TRUE,2025-06-10
1001,Python-2,Ali Azdar,24,Tuesday,10,Theory,09:00,0,TRUE,2025-06-10
1001,Python-2,Ali Azdar,24,Tuesday,10,Theory,09:00,1,TRUE,2025-06-10
1001,WT-2,Ali Azdar,24,Tuesday,10,Theory,11:00,1,TRUE,2025-06-10
1001,GOST,Nikita Sharma,24,Wednesday,11,Practical,14:00,0,TRUE,2025-06-11
1001,GOST,Nikita Sharma,24,Wednesday,11,Theory,13:00,0,TRUE,2025-06-11
1001,SR-2,Nikita Sharma,24,Wednesday,11,Theory,13:00,1,TRUE,2025-06-11
1001,GOST,Nikita Sharma,24,Wednesday,11,Practical,14:00,1,TRUE,2025-06-11
1001,Calculs,Geeta Brijwani,24,Thursday,12,Theory,09:00,1,TRUE,2025-06-12
1001,Python-2,Ali Azdar,24,Thursday,12,Practical,10:00,1,TRUE,2025-06-12
1001,C,Aditiya Agarwal,24,Thursday,12,Practical,13:00,1,TRUE,2025-06-12
1001,C,Aditiya Agarwal,24,Thursday,12,Practical,11:00,1,TRUE,2025-06-12
1001,SR-2,Nikita Sharma,24,Thursday,12,Theory,12:00,1,TRUE,2025-06-12
1001,WT-2,Ali Azdar,24,Friday,13,Theory,09:00,1,TRUE,2025-06-13
1001,WT-2,Ali Azdar,24,Friday,13,Practical,11:00,1,TRUE,2025-06-13
1001,Calculs,Geeta Brijwani,24,Saturday,14,Theory,10:00,1,TRUE,2025-06-14
1001,GOST,Nikita Sharma,24,Saturday,14,Theory,14:00,1,TRUE,2025-06-14
1001,WT-2,Ali Azdar,24,Saturday,14,Practical,10:00,1,TRUE,2025-06-14
1001,GOST,Nikita Sharma,25,Tuesday,17,Theory,12:00,1,TRUE,2025-06-17
1001,Calculs,Geeta Brijwani,25,Tuesday,17,Theory,09:00,1,TRUE,2025-06-17
1001,Python-2,Ali Azdar,25,Tuesday,17,Theory,12:00,0,TRUE,2025-06-17
1001,Python-2,Ali Azdar,25,Tuesday,17,Theory,12:00,1,TRUE,2025-06-17
1001,WT-2,Ali Azdar,25,Wednesday,18,Theory,09:00,1,TRUE,2025-06-18
1001,GOST,Nikita Sharma,25,Wednesday,18,Theory,14:00,1,TRUE,2025-06-18
1001,Python-2,Ali Azdar,25,Wednesday,18,Theory,13:00,1,TRUE,2025-06-18
1001,SR-2,Nikita Sharma,25,Wednesday,18,Theory,11:00,1,TRUE,2025-06-18
1001,SR-2,Nikita Sharma,25,Wednesday,18,Practical,10:00,1,TRUE,2025-06-18
1001,WT-2,Ali Azdar,25,Friday,20,Theory,09:00,1,TRUE,2025-06-20
1001,SR-2,Nikita Sharma,25,Friday,20,Theory,13:00,0,TRUE,2025-06-20
1001,WT-2,Ali Azdar,25,Friday,20,Practical,14:00,1,TRUE,2025-06-20
1001,C,Aditiya Agarwal,25,Friday,20,Practical,11:00,0,TRUE,2025-06-20
1001,SR-2,Nikita Sharma,25,Friday,20,Theory,11:00,0,TRUE,2025-06-20
1001,WT-2,Ali Azdar,25,Saturday,21,Theory,13:00,1,TRUE,2025-06-21
1001,GOST,Nikita Sharma,25,Saturday,21,Practical,09:00,1,TRUE,2025-06-21
1001,C,Aditiya Agarwal,25,Saturday,21,Practical,10:00,1,TRUE,2025-06-21
1001,GOST,Nikita Sharma,25,Saturday,21,Theory,13:00,1,TRUE,2025-06-21
1001,GOST,Nikita Sharma,25,Saturday,21,Theory,12:00,1,TRUE,2025-06-21
1001,Python-2,Ali Azdar,26,Tuesday,24,Theory,10:00,1,TRUE,2025-06-24
1001,C,Aditiya Agarwal,26,Tuesday,24,Theory,14:00,1,TRUE,2025-06-24
1001,WT-2,Ali Azdar,26,Tuesday,24,Theory,14:00,1,TRUE,2025-06-24
1001,C,Aditiya Agarwal,26,Tuesday,24,Theory,09:00,1,TRUE,2025-06-24
1001,Python-2,Ali Azdar,26,Wednesday,25,Theory,09:00,1,TRUE,2025-06-25
1001,C,Aditiya Agarwal,26,Wednesday,25,Theory,12:00,1,TRUE,2025-06-25
1001,GOST,Nikita Sharma,26,Thursday,26,Theory,14:00,1,TRUE,2025-06-26
1001,C,Aditiya Agarwal,26,Thursday,26,Theory,11:00,1,TRUE,2025-06-26
1001,Python-2,Ali Azdar,26,Friday,27,Practical,13:00,1,TRUE,2025-06-27
1001,SR-2,Nikita Sharma,26,Friday,27,Theory,09:00,1,TRUE,2025-06-27
1001,C,Aditiya Agarwal,26,Friday,27,Practical,11:00,1,TRUE,2025-06-27
1001,GOST,Nikita Sharma,26,Friday,27,Theory,14:00,1,TRUE,2025-06-27
1001,SR-2,Nikita Sharma,26,Saturday,28,Theory,12:00,1,TRUE,2025-06-28
1001,C,Aditiya Agarwal,26,Saturday,28,Theory,13:00,1,TRUE,2025-06-28
1001,GOST,Nikita Sharma,26,Saturday,28,Theory,10:00,1,TRUE,2025-06-28
1001,Python-2,Ali Azdar,27,Tuesday,1,Practical,14:00,1,TRUE,2025-07-01
1001,C,Aditiya Agarwal,27,Tuesday,1,Theory,13:00,1,TRUE,2025-07-01
1001,GOST,Nikita Sharma,27,Tuesday,1,Theory,11:00,1,TRUE,2025-07-01
1001,GOST,Nikita Sharma,27,Tuesday,1,Theory,13:00,1,TRUE,2025-07-01
1001,C,Aditiya Agarwal,27,Tuesday,1,Theory,09:00,1,TRUE,2025-07-01
1001,C,Aditiya Agarwal,27,Wednesday,2,Theory,13:00,1,TRUE,2025-07-02
1001,Python-2,Ali Azdar,27,Wednesday,2,Practical,13:00,1,TRUE,2025-07-02
1001,WT-2,Ali Azdar,27,Thursday,3,Practical,11:00,0,TRUE,2025-07-03
1001,GOST,Nikita Sharma,27,Thursday,3,Practical,12:00,1,TRUE,2025-07-03
1001,C,Aditiya Agarwal,27,Thursday,3,Theory,14:00,1,TRUE,2025-07-03
1001,WT-2,Ali Azdar,27,Saturday,5,Practical,10:00,1,TRUE,2025-07-05
1001,SR-2,Nikita Sharma,27,Saturday,5,Practical,14:00,1,TRUE,2025-07-05
1001,C,Aditiya Agarwal,28,Wednesday,9,Theory,14:00,1,TRUE,2025-07-09
1001,GOST,Nikita Sharma,28,Wednesday,9,Practical,12:00,1,TRUE,2025-07-09
1001,GOST,Nikita Sharma,28,Thursday,10,Theory,10:00,1,TRUE,2025-07-10
1001,C,Aditiya Agarwal,28,Thursday,10,Practical,09:00,1,TRUE,2025-07-10
1001,GOST,Nikita Sharma,28,Thursday,10,Practical,14:00,1,TRUE,2025-07-10
1001,C,Aditiya Agarwal,28,Thursday,10,Theory,13:00,1,TRUE,2025-07-10
1001,WT-2,Ali Azdar,28,Saturday,12,Theory,09:00,1,TRUE,2025-07-12
1001,Calculs,Geeta Brijwani,28,Saturday,12,Theory,14:00,1,TRUE,2025-07-12
1001,WT-2,Ali Azdar,29,Tuesday,15,Theory,12:00,1,TRUE,2025-07-15
1001,GOST,Nikita Sharma,29,Tuesday,15,Practical,09:00,1,TRUE,2025-07-15
1001,GOST,Nikita Sharma,29,Wednesday,16,Theory,10:00,1,TRUE,2025-07-16
1001,WT-2,Ali Azdar,29,Wednesday,16,Practical,10:00,1,TRUE,2025-07-16
1001,C,Aditiya Agarwal,29,Wednesday,16,Theory,13:00,1,TRUE,2025-07-16
1001,C,Aditiya Agarwal,29,Wednesday,16,Theory,11:00,1,TRUE,2025-07-16
1001,SR-2,Nikita Sharma,29,Thursday,17,Theory,10:00,1,TRUE,2025-07-17
1001,GOST,Nikita Sharma,29,Thursday,17,Theory,11:00,1,TRUE,2025-07-17
1001,SR-2,Nikita Sharma,29,Thursday,17,Practical,11:00,1,TRUE,2025-07-17
1001,SR-2,Nikita Sharma,29,Thursday,17,Theory,10:00,1,TRUE,2025-07-17
1001,Python-2,Ali Azdar,29,Friday,18,Theory,09:00,1,TRUE,2025-07-18
1001,C,Aditiya Agarwal,29,Friday,18,Practical,14:00,1,TRUE,2025-07-18
1001,WT-2,Ali Azdar,29,Friday,18,Theory,14:00,1,TRUE,2025-07-18
1001,GOST,Nikita Sharma,29,Friday,18,Theory,13:00,1,TRUE,2025-07-18
1001,C,Aditiya Agarwal,30,Wednesday,23,Practical,14:00,1,TRUE,2025-07-23
1001,GOST,Nikita Sharma,30,Wednesday,23,Practical,12:00,1,TRUE,2025-07-23
1001,Python-2,Ali Azdar,30,Wednesday,23,Practical,11:00,1,TRUE,2025-07-23
1001,SR-2,Nikita Sharma,30,Wednesday,23,Practical,13:00,1,TRUE,2025-07-23
1001,GOST,Nikita Sharma,30,Wednesday,23,Practical,11:00,1,TRUE,2025-07-23
1001,C,Aditiya Agarwal,30,Thursday,24,Theory,11:00,1,TRUE,2025-07-24
1001,Calculs,Geeta Brijwani,30,Thursday,24,Practical,11:00,1,TRUE,2025-07-24
1001,GOST,Nikita Sharma,30,Thursday,24,Theory,10:00,1,TRUE,2025-07-24
1001,C,Aditiya Agarwal,30,Thursday,24,Theory,10:00,0,TRUE,2025-07-24
1001,Calculs,Geeta Brijwani,30,Thursday,24,Theory,14:00,1,TRUE,2025-07-24
1001,WT-2,Ali Azdar,30,Friday,25,Theory,09:00,1,TRUE,2025-07-25
1001,SR-2,Nikita Sharma,30,Friday,25,Practical,13:00,0,TRUE,2025-07-25
1001,C,Aditiya Agarwal,30,Friday,25,Theory,14:00,1,TRUE,2025-07-25
1001,WT-2,Ali Azdar,30,Saturday,26,Theory,10:00,1,TRUE,2025-07-26
1001,Python-2,Ali Azdar,30,Saturday,26,Practical,14:00,1,TRUE,2025-07-26
1001,SR-2,Nikita Sharma,30,Saturday,26,Theory,14:00,1,TRUE,2025-07-26
1001,Python-2,Ali Azdar,31,Wednesday,30,Practical,12:00,1,TRUE,2025-07-30
1001,SR-2,Nikita Sharma,31,Wednesday,30,Theory,11:00,1,TRUE,2025-07-30
1001,C,Aditiya Agarwal,31,Wednesday,30,Practical,10:00,1,TRUE,2025-07-30
1001,SR-2,Nikita Sharma,31,Wednesday,30,Practical,09:00,0,TRUE,2025-07-30
1001,SR-2,Nikita Sharma,31,Thursday,31,Practical,09:00,0,TRUE,2025-07-31
1001,C,Aditiya Agarwal,31,Thursday,31,Practical,13:00,1,TRUE,2025-07-31
1001,Calculs,Geeta Brijwani,31,Thursday,31,Theory,09:00,0,TRUE,2025-07-31
1001,Calculs,Geeta Brijwani,31,Thursday,31,Theory,12:00,1,TRUE,2025-07-31
1001,WT-2,Ali Azdar,31,Friday,1,Theory,13:00,1,TRUE,2025-08-01
1001,SR-2,Nikita Sharma,31,Friday,1,Theory,14:00,1,TRUE,2025-08-01
1001,Calculs,Geeta Brijwani,31,Friday,1,Theory,13:00,1,TRUE,2025-08-01
1001,Python-2,Ali Azdar,31,Saturday,2,Theory,10:00,1,TRUE,2025-08-02
1001,Python-2,Ali Azdar,31,Saturday,2,Theory,10:00,1,TRUE,2025-08-02
1001,GOST,Nikita Sharma,32,Tuesday,5,Theory,12:00,1,TRUE,2025-08-05
1001,Python-2,Ali Azdar,32,Tuesday,5,Theory,10:00,1,TRUE,2025-08-05
1001,Python-2,Ali Azdar,32,Thursday,7,Theory,10:00,1,TRUE,2025-08-07
1001,Calculs,Geeta Brijwani,32,Thursday,7,Theory,14:00,1,TRUE,2025-08-07
1001,WT-2,Ali Azdar,32,Friday,8,Theory,14:00,1,TRUE,2025-08-08
1001,Python-2,Ali Azdar,32,Friday,8,Theory,13:00,1,TRUE,2025-08-08
1001,C,Aditiya Agarwal,32,Friday,8,Theory,09:00,1,TRUE,2025-08-08
1001,Python-2,Ali Azdar,32,Saturday,9,Practical,14:00,1,TRUE,2025-08-09
1001,Python-2,Ali Azdar,32,Saturday,9,Theory,11:00,1,TRUE,2025-08-09
1001,C,Aditiya Agarwal,32,Saturday,9,Theory,12:00,1,TRUE,2025-08-09
1001,GOST,Nikita Sharma,33,Thursday,14,Practical,13:00,1,TRUE,2025-08-14
1001,SR-2,Nikita Sharma,33,Thursday,14,Theory,14:00,1,TRUE,2025-08-14
1001,GOST,Nikita Sharma,33,Thursday,14,Theory,12:00,1,TRUE,2025-08-14
1001,WT-2,Ali Azdar,33,Friday,15,Practical,10:00,1,TRUE,2025-08-15
1001,SR-2,Nikita Sharma,33,Friday,15,Theory,12:00,1,TRUE,2025-08-15
1001,GOST,Nikita Sharma,33,Friday,15,Theory,10:00,1,TRUE,2025-08-15
1001,WT-2,Ali Azdar,33,Friday,15,Theory,11:00,1,TRUE,2025-08-15
1001,WT-2,Ali Azdar,33,Friday,15,Theory,13:00,1,TRUE,2025-08-15
1001,SR-2,Nikita Sharma,33,Saturday,16,Theory,14:00,1,TRUE,2025-08-16
1001,C,Aditiya Agarwal,33,Saturday,16,Practical,10:00,1,TRUE,2025-08-16
1001,GOST,Nikita Sharma,33,Saturday,16,Practical,12:00,1,TRUE,2025-08-16
1001,SR-2,Nikita Sharma,34,Tuesday,19,Theory,13:00,1,TRUE,2025-08-19
1001,SR-2,Nikita Sharma,34,Tuesday,19,Theory,11:00,1,TRUE,2025-08-19
1001,Calculs,Geeta Brijwani,34,Tuesday,19,Theory,12:00,1,TRUE,2025-08-19
1001,Python-2,Ali Azdar,34,Tuesday,19,Theory,11:00,1,TRUE,2025-08-19
1001,GOST,Nikita Sharma,34,Tuesday,19,Theory,09:00,1,TRUE,2025-08-19
1001,GOST,Nikita Sharma,34,Wednesday,20,Practical,12:00,1,TRUE,2025-08-20
1001,WT-2,Ali Azdar,34,Wednesday,20,Theory,10:00,1,TRUE,2025-08-20
1001,C,Aditiya Agarwal,34,Wednesday,20,Practical,11:00,1,TRUE,2025-08-20
1001,SR-2,Nikita Sharma,34,Wednesday,20,Practical,12:00,1,TRUE,2025-08-20
1001,Calculs,Geeta Brijwani,34,Thursday,21,Theory,11:00,1,TRUE,2025-08-21
1001,GOST,Nikita Sharma,34,Thursday,21,Theory,09:00,1,TRUE,2025-08-21
1001,Python-2,Ali Azdar,34,Thursday,21,Theory,11:00,1,TRUE,2025-08-21
1001,WT-2,Ali Azdar,34,Thursday,21,Practical,10:00,1,TRUE,2025-08-21
1001,WT-2,Ali Azdar,34,Thursday,21,Practical,09:00,1,TRUE,2025-08-21
1001,Calculs,Geeta Brijwani,34,Friday,22,Theory,11:00,1,TRUE,2025-08-22
1001,Calculs,Geeta Brijwani,34,Friday,22,Theory,13:00,0,TRUE,2025-08-22
1001,C,Aditiya Agarwal,34,Friday,22,Practical,12:00,1,TRUE,2025-08-22
1001,C,Aditiya Agarwal,35,Tuesday,26,Theory,14:00,1,TRUE,2025-08-26
1001,GOST,Nikita Sharma,35,Tuesday,26,Practical,09:00,1,TRUE,2025-08-26
1001,C,Aditiya Agarwal,35,Tuesday,26,Practical,12:00,1,TRUE,2025-08-26
1001,WT-2,Ali Azdar,35,Wednesday,27,Practical,09:00,1,TRUE,2025-08-27
1001,WT-2,Ali Azdar,35,Wednesday,27,Theory,13:00,1,TRUE,2025-08-27
1001,Python-2,Ali Azdar,35,Wednesday,27,Practical,14:00,1,TRUE,2025-08-27
1001,WT-2,Ali Azdar,35,Thursday,28,Theory,13:00,1,TRUE,2025-08-28
1001,Calculs,Geeta Brijwani,35,Thursday,28,Practical,13:00,1,TRUE,2025-08-28
1001,GOST,Nikita Sharma,35,Thursday,28,Theory,12:00,1,TRUE,2025-08-28
1001,Python-2,Ali Azdar,35,Thursday,28,Practical,10:00,1,TRUE,2025-08-28
1001,GOST,Nikita Sharma,35,Friday,29,Practical,12:00,1,TRUE,2025-08-29
1001,C,Aditiya Agarwal,35,Friday,29,Theory,11:00,1,TRUE,2025-08-29
1001,C,Aditiya Agarwal,35,Saturday,30,Theory,09:00,1,TRUE,2025-08-30
1001,WT-2,Ali Azdar,35,Saturday,30,Theory,09:00,1,TRUE,2025-08-30
1001,SR-2,Nikita Sharma,36,Wednesday,3,Theory,11:00,1,TRUE,2025-09-03
1001,SR-2,Nikita Sharma,36,Wednesday,3,Practical,10:00,1,TRUE,2025-09-03
1001,SR-2,Nikita Sharma,36,Thursday,4,Practical,12:00,1,TRUE,2025-09-04
1001,GOST,Nikita Sharma,36,Thursday,4,Theory,09:00,1,TRUE,2025-09-04
1001,WT-2,Ali Azdar,36,Thursday,4,Theory,10:00,1,TRUE,2025-09-04
1001,Python-2,Ali Azdar,36,Thursday,4,Theory,14:00,1,TRUE,2025-09-04
1001,WT-2,Ali Azdar,36,Friday,5,Theory,14:00,1,TRUE,2025-09-05
1001,Python-2,Ali Azdar,36,Friday,5,Practical,11:00,1,TRUE,2025-09-05
1001,Calculs,Geeta Brijwani,36,Friday,5,Practical,10:00,0,TRUE,2025-09-05
1001,WT-2,Ali Azdar,36,Saturday,6,Theory,10:00,1,TRUE,2025-09-06
1001,GOST,Nikita Sharma,36,Saturday,6,Theory,14:00,0,TRUE,2025-09-06
1001,SR-2,Nikita Sharma,36,Saturday,6,Practical,12:00,1,TRUE,2025-09-06
1001,Python-2,Ali Azdar,36,Saturday,6,Practical,11:00,1,TRUE,2025-09-06
1001,SR-2,Nikita Sharma,36,Saturday,6,Theory,13:00,1,TRUE,2025-09-06
1001,Calculs,Geeta Brijwani,37,Tuesday,9,Theory,13:00,1,TRUE,2025-09-09
1001,Python-2,Ali Azdar,37,Tuesday,9,Theory,09:00,1,TRUE,2025-09-09
1001,SR-2,Nikita Sharma,37,Tuesday,9,Theory,12:00,1,TRUE,2025-09-09
1001,GOST,Nikita Sharma,37,Wednesday,10,Theory,12:00,1,TRUE,2025-09-10
1001,SR-2,Nikita Sharma,37,Wednesday,10,Theory,12:00,0,TRUE,2025-09-10
1001,WT-2,Ali Azdar,37,Wednesday,10,Practical,14:00,0,TRUE,2025-09-10
1001,Calculs,Geeta Brijwani,37,Thursday,11,Theory,12:00,1,TRUE,2025-09-11
1001,Python-2,Ali Azdar,37,Thursday,11,Theory,14:00,0,TRUE,2025-09-11
1001,WT-2,Ali Azdar,37,Thursday,11,Practical,09:00,1,TRUE,2025-09-11
1001,Python-2,Ali Azdar,37,Thursday,11,Theory,09:00,1,TRUE,2025-09-11
1001,C,Aditiya Agarwal,37,Thursday,11,Theory,14:00,1,TRUE,2025-09-11
1001,Calculs,Geeta Brijwani,37,Friday,12,Theory,10:00,0,TRUE,2025-09-12
1001,Python-2,Ali Azdar,37,Friday,12,Theory,12:00,1,TRUE,2025-09-12
1001,WT-2,Ali Azdar,37,Friday,12,Practical,14:00,1,TRUE,2025-09-12
1001,Calculs,Geeta Brijwani,37,Saturday,13,Theory,09:00,1,TRUE,2025-09-13
1001,C,Aditiya Agarwal,37,Saturday,13,Practical,14:00,1,TRUE,2025-09-13
1001,Calculs,Geeta Brijwani,37,Saturday,13,Practical,09:00,1,TRUE,2025-09-13
1001,Python-2,Ali Azdar,37,Saturday,13,Theory,11:00,1,TRUE,2025-09-13
1001,Python-2,Ali Azdar,38,Tuesday,16,Theory,10:00,1,TRUE,2025-09-16
1001,Calculs,Geeta Brijwani,38,Tuesday,16,Theory,09:00,1,TRUE,2025-09-16
1001,Calculs,Geeta Brijwani,38,Tuesday,16,Practical,12:00,1,TRUE,2025-09-16
1001,Calculs,Geeta Brijwani,38,Tuesday,16,Theory,13:00,1,TRUE,2025-09-16
1001,Calculs,Geeta Brijwani,38,Wednesday,17,Theory,13:00,0,TRUE,2025-09-17
1001,Calculs,Geeta Brijwani,38,Wednesday,17,Practical,09:00,1,TRUE,2025-09-17
1001,C,Aditiya Agarwal,38,Wednesday,17,Theory,14:00,1,TRUE,2025-09-17
1001,WT-2,Ali Azdar,38,Friday,19,Theory,14:00,1,TRUE,2025-09-19
1001,SR-2,Nikita Sharma,38,Friday,19,Practical,11:00,1,TRUE,2025-09-19
1001,SR-2,Nikita Sharma,38,Friday,19,Practical,14:00,1,TRUE,2025-09-19
1001,Calculs,Geeta Brijwani,38,Saturday,20,Theory,11:00,0,TRUE,2025-09-20
1001,GOST,Nikita Sharma,38,Saturday,20,Practical,12:00,1,TRUE,2025-09-20
1001,GOST,Nikita Sharma,38,Saturday,20,Theory,13:00,1,TRUE,2025-09-20
1001,Calculs,Geeta Brijwani,38,Saturday,20,Theory,10:00,1,TRUE,2025-09-20
1001,C,Aditiya Agarwal,38,Saturday,20,Theory,10:00,1,TRUE,2025-09-20
1001,WT-2,Ali Azdar,39,Tuesday,23,Theory,14:00,1,TRUE,2025-09-23
1001,Python-2,Ali Azdar,39,Tuesday,23,Practical,11:00,1,TRUE,2025-09-23
1001,GOST,Nikita Sharma,39,Wednesday,24,Theory,09:00,0,TRUE,2025-09-24
1001,GOST,Nikita Sharma,39,Wednesday,24,Theory,10:00,1,TRUE,2025-09-24
1001,GOST,Nikita Sharma,39,Thursday,25,Theory,13:00,1,TRUE,2025-09-25
1001,Calculs,Geeta Brijwani,39,Thursday,25,Theory,10:00,1,TRUE,2025-09-25
1001,Python-2,Ali Azdar,39,Thursday,25,Theory,13:00,1,TRUE,2025-09-25
1001,WT-2,Ali Azdar,39,Friday,26,Theory,10:00,1,TRUE,2025-09-26
1001,C,Aditiya Agarwal,39,Friday,26,Practical,14:00,1,TRUE,2025-09-26
1001,SR-2,Nikita Sharma,39,Saturday,27,Practical,10:00,1,TRUE,2025-09-27
1001,Python-2,Ali Azdar,39,Saturday,27,Theory,13:00,1,TRUE,2025-09-27
1001,GOST,Nikita Sharma,40,Wednesday,1,Theory,10:00,1,TRUE,2025-10-01
1001,Python-2,Ali Azdar,40,Wednesday,1,Theory,12:00,1,TRUE,2025-10-01
1001,SR-2,Nikita Sharma,40,Thursday,2,Theory,10:00,1,TRUE,2025-10-02
1001,Calculs,Geeta Brijwani,40,Thursday,2,Practical,13:00,1,TRUE,2025-10-02
1001,SR-2,Nikita Sharma,40,Friday,3,Practical,10:00,0,TRUE,2025-10-03
1001,Python-2,Ali Azdar,40,Friday,3,Theory,09:00,1,TRUE,2025-10-03
1001,Calculs,Geeta Brijwani,40,Saturday,4,Theory,11:00,1,TRUE,2025-10-04
1001,C,Aditiya Agarwal,40,Saturday,4,Theory,09:00,0,TRUE,2025-10-04
1001,Python-2,Ali Azdar,40,Saturday,4,Theory,14:00,1,TRUE,2025-10-04
1001,Python-2,Ali Azdar,40,Saturday,4,Practical,12:00,1,TRUE,2025-10-04
1001,C,Aditiya Agarwal,40,Saturday,4,Practical,12:00,1,TRUE,2025-10-04
1001,WT-2,Ali Azdar,41,Tuesday,7,Theory,14:00,1,TRUE,2025-10-07
1001,SR-2,Nikita Sharma,41,Tuesday,7,Practical,09:00,1,TRUE,2025-10-07
1001,GOST,Nikita Sharma,41,Tuesday,7,Practical,09:00,1,TRUE,2025-10-07
1001,C,Aditiya Agarwal,41,Tuesday,7,Theory,11:00,1,TRUE,2025-10-07
1001,Python-2,Ali Azdar,41,Tuesday,7,Practical,11:00,1,TRUE,2025-10-07
1001,SR-2,Nikita Sharma,41,Wednesday,8,Theory,13:00,1,TRUE,2025-10-08
1001,Calculs,Geeta Brijwani,41,Wednesday,8,Practical,13:00,0,TRUE,2025-10-08
1001,Python-2,Ali Azdar,41,Wednesday,8,Practical,14:00,0,TRUE,2025-10-08
1001,WT-2,Ali Azdar,41,Wednesday,8,Theory,13:00,1,TRUE,2025-10-08
1001,Python-2,Ali Azdar,41,Wednesday,8,Theory,11:00,1,TRUE,2025-10-08
1001,SR-2,Nikita Sharma,41,Thursday,9,Theory,11:00,1,TRUE,2025-10-09
1001,SR-2,Nikita Sharma,41,Thursday,9,Theory,12:00,1,TRUE,2025-10-09
1001,Calculs,Geeta Brijwani,41,Thursday,9,Theory,12:00,1,TRUE,2025-10-09
1001,Python-2,Ali Azdar,41,Saturday,11,Theory,13:00,1,TRUE,2025-10-11
1001,GOST,Nikita Sharma,41,Saturday,11,Theory,09:00,1,TRUE,2025-10-11
1001,Python-2,Ali Azdar,41,Saturday,11,Practical,09:00,1,TRUE,2025-10-11
1001,C,Aditiya Agarwal,41,Saturday,11,Theory,09:00,1,TRUE,2025-10-11
1001,SE,Ali Azdar,46,Friday,14,Theory,11:00,1,TRUE,2025-11-14
1001,SE,Ali Azdar,46,Friday,14,Practical,09:00,1,TRUE,2025-11-14
1001,IOT,Ritika Sharma,46,Friday,14,Practical,09:00,1,TRUE,2025-11-14
1001,OS,Nikita Sharma,46,Friday,14,Practical,14:00,1,TRUE,2025-11-14
1001,TOC,Ali Azdar,46,Saturday,15,Theory,12:00,1,TRUE,2025-11-15
1001,SE,Ali Azdar,46,Saturday,15,Theory,10:00,1,TRUE,2025-11-15
1001,IOT,Ritika Sharma,46,Saturday,15,Theory,09:00,1,TRUE,2025-11-15
1001,TOC,Ali Azdar,46,Saturday,15,Practical,12:00,1,TRUE,2025-11-15
1001,Java,Aditiya Agarwal,47,Tuesday,18,Practical,14:00,1,TRUE,2025-11-18
1001,IOT,Ritika Sharma,47,Tuesday,18,Theory,09:00,1,TRUE,2025-11-18
1001,OS,Nikita Sharma,47,Tuesday,18,Theory,11:00,1,TRUE,2025-11-18
1001,Android,Geeta Brijwani,47,Tuesday,18,Theory,10:00,1,TRUE,2025-11-18
1001,Java,Aditiya Agarwal,47,Wednesday,19,Theory,12:00,1,TRUE,2025-11-19
1001,Android,Geeta Brijwani,47,Wednesday,19,Theory,09:00,1,TRUE,2025-11-19
1001,Java,Aditiya Agarwal,47,Wednesday,19,Practical,13:00,1,TRUE,2025-11-19
1001,Android,Geeta Brijwani,47,Wednesday,19,Theory,11:00,1,TRUE,2025-11-19
1001,IOT,Ritika Sharma,47,Friday,21,Theory,11:00,0,TRUE,2025-11-21
1001,Android,Geeta Brijwani,47,Saturday,22,Practical,14:00,1,TRUE,2025-11-22
1001,IOT,Ritika Sharma,47,Saturday,22,Theory,13:00,1,TRUE,2025-11-22
1001,IOT,Ritika Sharma,47,Saturday,22,Theory,13:00,1,TRUE,2025-11-22
1001,OS,Nikita Sharma,48,Monday,24,Theory,11:00,1,TRUE,2025-11-24
1001,SE,Ali Azdar,48,Monday,24,Practical,11:00,0,TRUE,2025-11-24
1001,SE,Ali Azdar,48,Monday,24,Theory,11:00,1,TRUE,2025-11-24
1001,PHP,Ritika Sharma,48,Monday,24,Theory,09:00,1,TRUE,2025-11-24
1001,IOT,Ritika Sharma,48,Tuesday,25,Theory,12:00,1,TRUE,2025-11-25
1001,IOT,Ritika Sharma,48,Tuesday,25,Practical,14:00,1,TRUE,2025-11-25
1001,OS,Nikita Sharma,48,Tuesday,25,Theory,09:00,0,TRUE,2025-11-25
1001,Android,Geeta Brijwani,48,Tuesday,25,Practical,11:00,1,TRUE,2025-11-25
1001,PHP,Ritika Sharma,48,Friday,28,Practical,09:00,1,TRUE,2025-11-28
1001,SE,Ali Azdar,48,Friday,28,Theory,13:00,1,TRUE,2025-11-28
1001,Java,Aditiya Agarwal,48,Friday,28,Practical,13:00,1,TRUE,2025-11-28
1001,SE,Ali Azdar,48,Friday,28,Practical,13:00,1,TRUE,2025-11-28
1001,TOC,Ali Azdar,48,Friday,28,Theory,11:00,1,TRUE,2025-11-28
1001,SE,Ali Azdar,48,Saturday,29,Theory,09:00,1,TRUE,2025-11-29
1001,Android,Geeta Brijwani,48,Saturday,29,Theory,09:00,1,TRUE,2025-11-29
1001,TOC,Ali Azdar,49,Monday,1,Theory,11:00,1,TRUE,2025-12-01
1001,PHP,Ritika Sharma,49,Monday,1,Theory,14:00,1,TRUE,2025-12-01
1001,Android,Geeta Brijwani,49,Monday,1,Theory,14:00,1,TRUE,2025-12-01
1001,TOC,Ali Azdar,49,Tuesday,2,Practical,14:00,1,TRUE,2025-12-02
1001,IOT,Ritika Sharma,49,Tuesday,2,Theory,11:00,1,TRUE,2025-12-02
1001,SE,Ali Azdar,49,Tuesday,2,Theory,11:00,1,TRUE,2025-12-02
1001,Android,Geeta Brijwani,49,Tuesday,2,Practical,14:00,1,TRUE,2025-12-02
1001,IOT,Ritika Sharma,49,Friday,5,Practical,11:00,1,TRUE,2025-12-05
1001,IOT,Ritika Sharma,49,Friday,5,Theory,14:00,1,TRUE,2025-12-05
1001,IOT,Ritika Sharma,49,Friday,5,Theory,12:00,1,TRUE,2025-12-05
1001,Java,Aditiya Agarwal,49,Saturday,6,Practical,11:00,1,TRUE,2025-12-06
1001,SE,Ali Azdar,49,Saturday,6,Practical,12:00,1,TRUE,2025-12-06
1001,PHP,Ritika Sharma,50,Monday,8,Practical,09:00,1,TRUE,2025-12-08
1001,IOT,Ritika Sharma,50,Monday,8,Practical,10:00,1,TRUE,2025-12-08
1001,Android,Geeta Brijwani,50,Wednesday,10,Theory,11:00,1,TRUE,2025-12-10
1001,Java,Aditiya Agarwal,50,Wednesday,10,Practical,13:00,1,TRUE,2025-12-10
1001,Java,Aditiya Agarwal,50,Wednesday,10,Theory,10:00,0,TRUE,2025-12-10
1001,TOC,Ali Azdar,50,Friday,12,Practical,14:00,1,TRUE,2025-12-12
1001,SE,Ali Azdar,50,Friday,12,Theory,12:00,1,TRUE,2025-12-12
1001,Java,Aditiya Agarwal,50,Friday,12,Theory,14:00,1,TRUE,2025-12-12
1001,PHP,Ritika Sharma,50,Saturday,13,Theory,12:00,1,TRUE,2025-12-13
1001,Android,Geeta Brijwani,50,Saturday,13,Theory,11:00,1,TRUE,2025-12-13
1001,Android,Geeta Brijwani,51,Monday,15,Theory,09:00,1,TRUE,2025-12-15
1001,PHP,Ritika Sharma,51,Monday,15,Theory,13:00,1,TRUE,2025-12-15
1001,Java,Aditiya Agarwal,51,Monday,15,Theory,11:00,0,TRUE,2025-12-15
1001,IOT,Ritika Sharma,51,Monday,15,Practical,10:00,1,TRUE,2025-12-15
1001,IOT,Ritika Sharma,51,Monday,15,Practical,12:00,1,TRUE,2025-12-15
1001,IOT,Ritika Sharma,51,Tuesday,16,Theory,09:00,1,TRUE,2025-12-16
1001,PHP,Ritika Sharma,51,Tuesday,16,Practical,09:00,0,TRUE,2025-12-16
1001,Java,Aditiya Agarwal,51,Tuesday,16,Practical,09:00,1,TRUE,2025-12-16
1001,OS,Nikita Sharma,51,Tuesday,16,Theory,14:00,1,TRUE,2025-12-16
1001,IOT,Ritika Sharma,51,Wednesday,17,Theory,10:00,1,TRUE,2025-12-17
1001,TOC,Ali Azdar,51,Wednesday,17,Theory,11:00,1,TRUE,2025-12-17
1001,Java,Aditiya Agarwal,51,Friday,19,Theory,12:00,1,TRUE,2025-12-19
1001,SE,Ali Azdar,51,Friday,19,Practical,12:00,0,TRUE,2025-12-19
1001,PHP,Ritika Sharma,51,Friday,19,Theory,10:00,1,TRUE,2025-12-19
1001,IOT,Ritika Sharma,51,Saturday,20,Practical,12:00,1,TRUE,2025-12-20
1001,IOT,Ritika Sharma,51,Saturday,20,Practical,13:00,1,TRUE,2025-12-20
1001,PHP,Ritika Sharma,51,Saturday,20,Practical,11:00,0,TRUE,2025-12-20
1001,PHP,Ritika Sharma,52,Monday,22,Practical,14:00,1,TRUE,2025-12-22
1001,IOT,Ritika Sharma,52,Monday,22,Theory,09:00,0,TRUE,2025-12-22
1001,Java,Aditiya Agarwal,52,Tuesday,23,Theory,09:00,0,TRUE,2025-12-23
1001,TOC,Ali Azdar,52,Tuesday,23,Theory,09:00,0,TRUE,2025-12-23
1001,Android,Geeta Brijwani,52,Tuesday,23,Theory,09:00,1,TRUE,2025-12-23
1001,SE,Ali Azdar,52,Saturday,27,Theory,13:00,1,TRUE,2025-12-27
1001,TOC,Ali Azdar,52,Saturday,27,Theory,09:00,1,TRUE,2025-12-27
1001,PHP,Ritika Sharma,52,Saturday,27,Theory,13:00,1,TRUE,2025-12-27
1001,IOT,Ritika Sharma,52,Saturday,27,Theory,10:00,1,TRUE,2025-12-27
1001,OS,Nikita Sharma,53,Monday,29,Practical,09:00,1,TRUE,2025-12-29
1001,PHP,Ritika Sharma,53,Monday,29,Practical,09:00,1,TRUE,2025-12-29
1001,Java,Aditiya Agarwal,53,Monday,29,Practical,13:00,1,TRUE,2025-12-29
1001,Java,Aditiya Agarwal,53,Tuesday,30,Practical,14:00,1,TRUE,2025-12-30
1001,OS,Nikita Sharma,53,Tuesday,30,Theory,11:00,1,TRUE,2025-12-30
1001,Java,Aditiya Agarwal,53,Tuesday,30,Theory,11:00,1,TRUE,2025-12-30
1001,PHP,Ritika Sharma,53,Tuesday,30,Theory,12:00,1,TRUE,2025-12-30
1001,Android,Geeta Brijwani,53,Tuesday,30,Theory,11:00,1,TRUE,2025-12-30
1001,SE,Ali Azdar,53,Wednesday,31,Theory,09:00,0,TRUE,2025-12-31
1001,TOC,Ali Azdar,53,Wednesday,31,Practical,14:00,1,TRUE,2025-12-31
1001,PHP,Ritika Sharma,53,Wednesday,31,Theory,12:00,1,TRUE,2025-12-31
1001,IOT,Ritika Sharma,1,Friday,2,Practical,14:00,1,TRUE,2026-01-02
1001,OS,Nikita Sharma,1,Friday,2,Theory,12:00,1,TRUE,2026-01-02
1001,TOC,Ali Azdar,1,Friday,2,Practical,13:00,1,TRUE,2026-01-02
1001,TOC,Ali Azdar,1,Friday,2,Theory,14:00,1,TRUE,2026-01-02
1001,IOT,Ritika Sharma,1,Saturday,3,Practical,11:00,1,TRUE,2026-01-03
1001,SE,Ali Azdar,1,Saturday,3,Theory,13:00,1,TRUE,2026-01-03
1001,IOT,Ritika Sharma,2,Monday,5,Practical,12:00,1,TRUE,2026-01-05
1001,OS,Nikita Sharma,2,Monday,5,Practical,11:00,1,TRUE,2026-01-05
1001,Android,Geeta Brijwani,2,Monday,5,Theory,11:00,1,TRUE,2026-01-05
1001,IOT,Ritika Sharma,2,Wednesday,7,Theory,09:00,1,TRUE,2026-01-07
1001,OS,Nikita Sharma,2,Wednesday,7,Theory,10:00,1,TRUE,2026-01-07
1001,SE,Ali Azdar,2,Wednesday,7,Theory,14:00,1,TRUE,2026-01-07
1001,Android,Geeta Brijwani,2,Friday,9,Practical,11:00,1,TRUE,2026-01-09
1001,Java,Aditiya Agarwal,2,Friday,9,Practical,09:00,1,TRUE,2026-01-09
1001,Android,Geeta Brijwani,2,Friday,9,Practical,09:00,1,TRUE,2026-01-09
1001,IOT,Ritika Sharma,2,Saturday,10,Practical,10:00,1,TRUE,2026-01-10
1001,Android,Geeta Brijwani,2,Saturday,10,Practical,09:00,1,TRUE,2026-01-10
1001,Java,Aditiya Agarwal,2,Saturday,10,Theory,11:00,1,TRUE,2026-01-10
1001,TOC,Ali Azdar,3,Monday,12,Practical,09:00,1,TRUE,2026-01-12
1001,OS,Nikita Sharma,3,Monday,12,Theory,13:00,1,TRUE,2026-01-12
1001,SE,Ali Azdar,3,Monday,12,Theory,10:00,1,TRUE,2026-01-12
1001,PHP,Ritika Sharma,3,Monday,12,Theory,13:00,1,TRUE,2026-01-12
1001,Java,Aditiya Agarwal,3,Tuesday,13,Theory,11:00,1,TRUE,2026-01-13
1001,IOT,Ritika Sharma,3,Tuesday,13,Theory,13:00,1,TRUE,2026-01-13
1001,Java,Aditiya Agarwal,3,Tuesday,13,Theory,12:00,1,TRUE,2026-01-13
1001,IOT,Ritika Sharma,3,Tuesday,13,Practical,13:00,1,TRUE,2026-01-13
1001,Android,Geeta Brijwani,3,Tuesday,13,Practical,09:00,1,TRUE,2026-01-13
1001,PHP,Ritika Sharma,3,Friday,16,Practical,09:00,1,TRUE,2026-01-16
1001,SE,Ali Azdar,3,Friday,16,Practical,10:00,1,TRUE,2026-01-16
1001,Android,Geeta Brijwani,3,Friday,16,Practical,09:00,1,TRUE,2026-01-16
1001,Java,Aditiya Agarwal,3,Friday,16,Theory,14:00,1,TRUE,2026-01-16
1001,OS,Nikita Sharma,4,Tuesday,20,Practical,09:00,1,TRUE,2026-01-20
1001,SE,Ali Azdar,4,Tuesday,20,Theory,10:00,1,TRUE,2026-01-20
1001,SE,Ali Azdar,4,Wednesday,21,Practical,11:00,1,TRUE,2026-01-21
1001,Android,Geeta Brijwani,4,Wednesday,21,Practical,09:00,1,TRUE,2026-01-21
1001,Java,Aditiya Agarwal,4,Friday,23,Theory,12:00,1,TRUE,2026-01-23
1001,IOT,Ritika Sharma,4,Friday,23,Theory,09:00,1,TRUE,2026-01-23
1001,Java,Aditiya Agarwal,4,Saturday,24,Theory,13:00,1,TRUE,2026-01-24
1001,Java,Aditiya Agarwal,4,Saturday,24,Theory,13:00,0,TRUE,2026-01-24
1001,SE,Ali Azdar,5,Monday,26,Practical,13:00,1,TRUE,2026-01-26
1001,Android,Geeta Brijwani,5,Monday,26,Theory,11:00,1,TRUE,2026-01-26
1001,Java,Aditiya Agarwal,5,Monday,26,Theory,11:00,1,TRUE,2026-01-26
1001,PHP,Ritika Sharma,5,Monday,26,Theory,10:00,1,TRUE,2026-01-26
1001,TOC,Ali Azdar,5,Tuesday,27,Practical,14:00,1,TRUE,2026-01-27
1001,SE,Ali Azdar,5,Tuesday,27,Theory,12:00,1,TRUE,2026-01-27
1001,PHP,Ritika Sharma,5,Wednesday,28,Theory,13:00,0,TRUE,2026-01-28
1001,SE,Ali Azdar,5,Wednesday,28,Theory,10:00,1,TRUE,2026-01-28
1001,SE,Ali Azdar,5,Wednesday,28,Practical,13:00,0,TRUE,2026-01-28
1001,PHP,Ritika Sharma,5,Wednesday,28,Theory,10:00,1,TRUE,2026-01-28
1001,SE,Ali Azdar,5,Friday,30,Theory,11:00,1,TRUE,2026-01-30
1001,PHP,Ritika Sharma,5,Friday,30,Practical,09:00,0,TRUE,2026-01-30
1001,OS,Nikita Sharma,5,Friday,30,Theory,13:00,1,TRUE,2026-01-30
1001,Java,Aditiya Agarwal,5,Saturday,31,Theory,11:00,1,TRUE,2026-01-31
1001,SE,Ali Azdar,5,Saturday,31,Theory,12:00,1,TRUE,2026-01-31
1001,SE,Ali Azdar,5,Saturday,31,Theory,09:00,1,TRUE,2026-01-31
1001,OS,Nikita Sharma,6,Tuesday,3,Theory,14:00,0,TRUE,2026-02-03
1001,Android,Geeta Brijwani,6,Tuesday,3,Practical,11:00,1,TRUE,2026-02-03
1001,OS,Nikita Sharma,6,Tuesday,3,Theory,14:00,1,TRUE,2026-02-03
1001,Android,Geeta Brijwani,6,Wednesday,4,Theory,14:00,1,TRUE,2026-02-04
1001,TOC,Ali Azdar,6,Wednesday,4,Theory,10:00,1,TRUE,2026-02-04
1001,PHP,Ritika Sharma,6,Wednesday,4,Theory,13:00,1,TRUE,2026-02-04
1001,OS,Nikita Sharma,6,Friday,6,Theory,11:00,1,TRUE,2026-02-06
1001,Java,Aditiya Agarwal,6,Friday,6,Theory,14:00,1,TRUE,2026-02-06
1001,SE,Ali Azdar,6,Friday,6,Practical,09:00,1,TRUE,2026-02-06
1001,TOC,Ali Azdar,6,Friday,6,Theory,13:00,1,TRUE,2026-02-06
1001,OS,Nikita Sharma,6,Saturday,7,Theory,13:00,1,TRUE,2026-02-07
1001,IOT,Ritika Sharma,6,Saturday,7,Practical,11:00,1,TRUE,2026-02-07
1001,SE,Ali Azdar,6,Saturday,7,Theory,12:00,1,TRUE,2026-02-07
1001,Android,Geeta Brijwani,6,Saturday,7,Practical,09:00,1,TRUE,2026-02-07
1001,Android,Geeta Brijwani,6,Saturday,7,Theory,10:00,1,TRUE,2026-02-07
1001,Android,Geeta Brijwani,7,Monday,9,Theory,14:00,1,TRUE,2026-02-09
1001,TOC,Ali Azdar,7,Monday,9,Practical,09:00,1,TRUE,2026-02-09
1001,OS,Nikita Sharma,7,Tuesday,10,Theory,09:00,1,TRUE,2026-02-10
1001,TOC,Ali Azdar,7,Tuesday,10,Theory,09:00,1,TRUE,2026-02-10
1001,PHP,Ritika Sharma,7,Tuesday,10,Practical,14:00,0,TRUE,2026-02-10
1001,Java,Aditiya Agarwal,7,Tuesday,10,Practical,14:00,1,TRUE,2026-02-10
1001,IOT,Ritika Sharma,7,Tuesday,10,Theory,10:00,1,TRUE,2026-02-10
1001,TOC,Ali Azdar,7,Wednesday,11,Theory,13:00,0,TRUE,2026-02-11
1001,Java,Aditiya Agarwal,7,Wednesday,11,Practical,12:00,1,TRUE,2026-02-11
1001,IOT,Ritika Sharma,7,Wednesday,11,Theory,13:00,1,TRUE,2026-02-11
1001,IOT,Ritika Sharma,7,Wednesday,11,Theory,13:00,1,TRUE,2026-02-11
1001,Android,Geeta Brijwani,7,Saturday,14,Theory,13:00,1,TRUE,2026-02-14
1001,SE,Ali Azdar,7,Saturday,14,Practical,14:00,1,TRUE,2026-02-14
1001,TOC,Ali Azdar,7,Saturday,14,Theory,12:00,1,TRUE,2026-02-14
1001,Java,Aditiya Agarwal,7,Saturday,14,Practical,11:00,1,TRUE,2026-02-14
1001,Java,Aditiya Agarwal,8,Monday,16,Theory,12:00,0,TRUE,2026-02-16
1001,TOC,Ali Azdar,8,Monday,16,Theory,10:00,1,TRUE,2026-02-16
1001,OS,Nikita Sharma,8,Tuesday,17,Practical,09:00,1,TRUE,2026-02-17
1001,IOT,Ritika Sharma,8,Tuesday,17,Practical,09:00,1,TRUE,2026-02-17
1001,OS,Nikita Sharma,8,Wednesday,18,Theory,13:00,1,TRUE,2026-02-18
1001,Java,Aditiya Agarwal,8,Wednesday,18,Theory,09:00,0,TRUE,2026-02-18
1001,SE,Ali Azdar,8,Friday,20,Theory,09:00,1,TRUE,2026-02-20
1001,PHP,Ritika Sharma,8,Friday,20,Theory,13:00,1,TRUE,2026-02-20
1001,IOT,Ritika Sharma,8,Friday,20,Theory,14:00,1,TRUE,2026-02-20
1001,TOC,Ali Azdar,8,Friday,20,Theory,09:00,1,TRUE,2026-02-20
1001,Java,Aditiya Agarwal,8,Saturday,21,Theory,10:00,1,TRUE,2026-02-21
1001,PHP,Ritika Sharma,8,Saturday,21,Theory,11:00,1,TRUE,2026-02-21
1001,Java,Aditiya Agarwal,8,Saturday,21,Practical,10:00,1,TRUE,2026-02-21
1001,Java,Aditiya Agarwal,8,Saturday,21,Practical,10:00,1,TRUE,2026-02-21
1001,TOC,Ali Azdar,8,Saturday,21,Theory,09:00,1,TRUE,2026-02-21
1001,Java,Aditiya Agarwal,9,Monday,23,Practical,11:00,1,TRUE,2026-02-23
1001,OS,Nikita Sharma,9,Monday,23,Theory,12:00,1,TRUE,2026-02-23
1001,IOT,Ritika Sharma,9,Monday,23,Theory,13:00,1,TRUE,2026-02-23
1001,Android,Geeta Brijwani,9,Monday,23,Practical,11:00,1,TRUE,2026-02-23
1001,Android,Geeta Brijwani,9,Tuesday,24,Practical,12:00,0,TRUE,2026-02-24
1001,OS,Nikita Sharma,9,Tuesday,24,Practical,14:00,1,TRUE,2026-02-24
1001,OS,Nikita Sharma,9,Tuesday,24,Theory,10:00,1,TRUE,2026-02-24
1001,SE,Ali Azdar,9,Tuesday,24,Theory,13:00,1,TRUE,2026-02-24
1001,Android,Geeta Brijwani,9,Tuesday,24,Theory,11:00,1,TRUE,2026-02-24
1001,Android,Geeta Brijwani,9,Wednesday,25,Practical,09:00,1,TRUE,2026-02-25
1001,IOT,Ritika Sharma,9,Wednesday,25,Practical,12:00,1,TRUE,2026-02-25
1001,Java,Aditiya Agarwal,9,Wednesday,25,Theory,12:00,0,TRUE,2026-02-25
1001,Android,Geeta Brijwani,9,Wednesday,25,Theory,09:00,1,TRUE,2026-02-25
1001,Android,Geeta Brijwani,9,Wednesday,25,Theory,11:00,1,TRUE,2026-02-25
1001,OS,Nikita Sharma,9,Friday,27,Theory,14:00,1,TRUE,2026-02-27
1001,IOT,Ritika Sharma,9,Friday,27,Theory,12:00,1,TRUE,2026-02-27
1001,Android,Geeta Brijwani,9,Friday,27,Theory,09:00,1,TRUE,2026-02-27
1001,PHP,Ritika Sharma,9,Friday,27,Theory,11:00,1,TRUE,2026-02-27
1001,OS,Nikita Sharma,9,Friday,27,Theory,12:00,1,TRUE,2026-02-27
1001,IOT,Ritika Sharma,9,Saturday,28,Theory,14:00,1,TRUE,2026-02-28
1001,IOT,Ritika Sharma,9,Saturday,28,Practical,14:00,1,TRUE,2026-02-28
1001,Java,Aditiya Agarwal,9,Saturday,28,Theory,10:00,0,TRUE,2026-02-28
1001,Java,Aditiya Agarwal,9,Saturday,28,Theory,12:00,1,TRUE,2026-02-28
1001,OS,Nikita Sharma,9,Saturday,28,Theory,14:00,1,TRUE,2026-02-28
1001,TOC,Ali Azdar,10,Monday,2,Theory,10:00,1,TRUE,2026-03-02
1001,IOT,Ritika Sharma,10,Monday,2,Practical,09:00,1,TRUE,2026-03-02
1001,OS,Nikita Sharma,10,Monday,2,Practical,14:00,1,TRUE,2026-03-02
1001,Java,Aditiya Agarwal,10,Tuesday,3,Theory,11:00,1,TRUE,2026-03-03
1001,IOT,Ritika Sharma,10,Tuesday,3,Practical,09:00,1,TRUE,2026-03-03
1001,OS,Nikita Sharma,10,Tuesday,3,Practical,12:00,0,TRUE,2026-03-03
1001,OS,Nikita Sharma,10,Wednesday,4,Practical,12:00,0,TRUE,2026-03-04
1001,Android,Geeta Brijwani,10,Wednesday,4,Practical,09:00,1,TRUE,2026-03-04
1001,IOT,Ritika Sharma,10,Friday,6,Theory,14:00,1,TRUE,2026-03-06
1001,IOT,Ritika Sharma,10,Friday,6,Theory,09:00,1,TRUE,2026-03-06
1001,SE,Ali Azdar,10,Saturday,7,Theory,12:00,1,TRUE,2026-03-07
1001,SE,Ali Azdar,10,Saturday,7,Theory,09:00,1,TRUE,2026-03-07
1001,SE,Ali Azdar,10,Saturday,7,Practical,10:00,1,TRUE,2026-03-07
1001,IOT,Ritika Sharma,10,Saturday,7,Theory,12:00,1,TRUE,2026-03-07
1001,PHP,Ritika Sharma,11,Monday,9,Practical,14:00,1,TRUE,2026-03-09
1001,TOC,Ali Azdar,11,Monday,9,Theory,10:00,1,TRUE,2026-03-09
1001,Java,Aditiya Agarwal,11,Monday,9,Theory,12:00,0,TRUE,2026-03-09
1001,IOT,Ritika Sharma,11,Monday,9,Practical,10:00,1,TRUE,2026-03-09
1001,Android,Geeta Brijwani,11,Monday,9,Theory,14:00,1,TRUE,2026-03-09
1001,SE,Ali Azdar,11,Tuesday,10,Theory,10:00,1,TRUE,2026-03-10
1001,PHP,Ritika Sharma,11,Tuesday,10,Practical,13:00,1,TRUE,2026-03-10
1001,PHP,Ritika Sharma,11,Friday,13,Theory,11:00,1,TRUE,2026-03-13
1001,IOT,Ritika Sharma,11,Friday,13,Theory,09:00,1,TRUE,2026-03-13
1001,Android,Geeta Brijwani,11,Friday,13,Theory,13:00,1,TRUE,2026-03-13
1001,Java,Aditiya Agarwal,11,Saturday,14,Theory,10:00,1,TRUE,2026-03-14
1001,TOC,Ali Azdar,11,Saturday,14,Practical,11:00,1,TRUE,2026-03-14
1001,TOC,Ali Azdar,12,Monday,16,Theory,10:00,1,TRUE,2026-03-16
1001,SE,Ali Azdar,12,Monday,16,Theory,09:00,1,TRUE,2026-03-16
1001,Android,Geeta Brijwani,12,Monday,16,Theory,10:00,0,TRUE,2026-03-16
1001,IOT,Ritika Sharma,12,Monday,16,Practical,13:00,1,TRUE,2026-03-16
1001,Android,Geeta Brijwani,12,Wednesday,18,Theory,14:00,1,TRUE,2026-03-18
1001,PHP,Ritika Sharma,12,Wednesday,18,Theory,10:00,1,TRUE,2026-03-18
1001,Java,Aditiya Agarwal,12,Wednesday,18,Theory,12:00,1,TRUE,2026-03-18
1001,OS,Nikita Sharma,12,Wednesday,18,Theory,12:00,1,TRUE,2026-03-18
1001,DAA,Ali Azdar,16,Tuesday,14,Theory,10:00,1,TRUE,2026-04-14
1001,LAP,Aditiya Agarwal,16,Tuesday,14,Practical,12:00,1,TRUE,2026-04-14
1001,RM,Geeta Brijwani,16,Tuesday,14,Practical,10:00,1,TRUE,2026-04-14
1001,LAP,Aditiya Agarwal,16,Tuesday,14,Theory,11:00,1,TRUE,2026-04-14
1001,CN,Aarya Bhatkar,16,Thursday,16,Theory,14:00,1,TRUE,2026-04-16
1001,LAP,Aditiya Agarwal,16,Thursday,16,Theory,11:00,1,TRUE,2026-04-16
1001,Adv Java,Ali Azdar,16,Thursday,16,Theory,11:00,1,TRUE,2026-04-16
1001,CN,Aarya Bhatkar,16,Thursday,16,Theory,14:00,1,TRUE,2026-04-16
1001,Adv Java,Ali Azdar,16,Friday,17,Practical,12:00,0,TRUE,2026-04-17
1001,DAA,Ali Azdar,16,Friday,17,Practical,09:00,1,TRUE,2026-04-17
1001,RM,Geeta Brijwani,16,Friday,17,Theory,09:00,1,TRUE,2026-04-17
1001,DAA,Ali Azdar,16,Friday,17,Theory,11:00,1,TRUE,2026-04-17
1001,Dot NET,Geeta Brijwani,17,Monday,20,Theory,10:00,1,TRUE,2026-04-20
1001,LAP,Aditiya Agarwal,17,Monday,20,Practical,14:00,0,TRUE,2026-04-20
1001,LAP,Aditiya Agarwal,17,Monday,20,Theory,13:00,1,TRUE,2026-04-20
1001,CN,Aarya Bhatkar,17,Tuesday,21,Practical,10:00,1,TRUE,2026-04-21
1001,CN,Aarya Bhatkar,17,Tuesday,21,Practical,11:00,1,TRUE,2026-04-21
1001,RM,Geeta Brijwani,17,Tuesday,21,Theory,09:00,1,TRUE,2026-04-21
1001,DAA,Ali Azdar,17,Tuesday,21,Theory,09:00,1,TRUE,2026-04-21
1001,DAA,Ali Azdar,17,Tuesday,21,Theory,12:00,1,TRUE,2026-04-21
1001,Adv Java,Ali Azdar,17,Wednesday,22,Theory,09:00,1,TRUE,2026-04-22
1001,DAA,Ali Azdar,17,Wednesday,22,Practical,14:00,1,TRUE,2026-04-22
1001,RM,Geeta Brijwani,17,Wednesday,22,Theory,11:00,1,TRUE,2026-04-22
1001,RM,Geeta Brijwani,17,Thursday,23,Practical,14:00,1,TRUE,2026-04-23
1001,LAP,Aditiya Agarwal,17,Thursday,23,Theory,09:00,1,TRUE,2026-04-23
1001,Dot NET,Geeta Brijwani,17,Friday,24,Practical,10:00,1,TRUE,2026-04-24
1001,Adv Java,Ali Azdar,17,Friday,24,Theory,14:00,1,TRUE,2026-04-24
1001,DAA,Ali Azdar,17,Friday,24,Theory,11:00,1,TRUE,2026-04-24
1001,Dot NET,Geeta Brijwani,17,Friday,24,Practical,11:00,1,TRUE,2026-04-24
1001,RM,Geeta Brijwani,17,Friday,24,Practical,13:00,1,TRUE,2026-04-24
1001,Dot NET,Geeta Brijwani,18,Monday,27,Practical,13:00,1,TRUE,2026-04-27
1001,DAA,Ali Azdar,18,Monday,27,Theory,09:00,1,TRUE,2026-04-27
1001,RM,Geeta Brijwani,18,Monday,27,Practical,10:00,1,TRUE,2026-04-27
1001,LAP,Aditiya Agarwal,18,Monday,27,Theory,14:00,1,TRUE,2026-04-27
1001,RM,Geeta Brijwani,18,Monday,27,Theory,11:00,1,TRUE,2026-04-27
1001,LAP,Aditiya Agarwal,18,Tuesday,28,Theory,10:00,1,TRUE,2026-04-28
1001,Dot NET,Geeta Brijwani,18,Tuesday,28,Theory,12:00,1,TRUE,2026-04-28
1001,CN,Aarya Bhatkar,18,Tuesday,28,Practical,09:00,1,TRUE,2026-04-28
1001,CN,Aarya Bhatkar,18,Tuesday,28,Practical,09:00,0,TRUE,2026-04-28
1001,DAA,Ali Azdar,18,Wednesday,29,Theory,12:00,1,TRUE,2026-04-29
1001,DAA,Ali Azdar,18,Wednesday,29,Theory,11:00,1,TRUE,2026-04-29
1001,CN,Aarya Bhatkar,18,Wednesday,29,Theory,11:00,1,TRUE,2026-04-29
1001,Adv Java,Ali Azdar,18,Thursday,30,Theory,09:00,1,TRUE,2026-04-30
1001,RM,Geeta Brijwani,18,Thursday,30,Practical,13:00,0,TRUE,2026-04-30
1001,RM,Geeta Brijwani,18,Friday,1,Practical,14:00,1,TRUE,2026-05-01
1001,Dot NET,Geeta Brijwani,18,Friday,1,Practical,10:00,1,TRUE,2026-05-01
1001,RM,Geeta Brijwani,18,Friday,1,Theory,10:00,0,TRUE,2026-05-01
1001,Dot NET,Geeta Brijwani,18,Friday,1,Theory,13:00,1,TRUE,2026-05-01
1001,Dot NET,Geeta Brijwani,18,Friday,1,Theory,14:00,1,TRUE,2026-05-01
1001,RM,Geeta Brijwani,19,Monday,4,Theory,13:00,1,TRUE,2026-05-04
1001,DAA,Ali Azdar,19,Monday,4,Practical,11:00,1,TRUE,2026-05-04
1001,CN,Aarya Bhatkar,19,Wednesday,6,Practical,09:00,1,TRUE,2026-05-06
1001,Adv Java,Ali Azdar,19,Wednesday,6,Practical,14:00,1,TRUE,2026-05-06
1001,RM,Geeta Brijwani,19,Wednesday,6,Theory,11:00,1,TRUE,2026-05-06
1001,DAA,Ali Azdar,19,Wednesday,6,Theory,12:00,1,TRUE,2026-05-06
1001,Adv Java,Ali Azdar,19,Wednesday,6,Theory,13:00,1,TRUE,2026-05-06
1001,DAA,Ali Azdar,19,Thursday,7,Practical,10:00,1,TRUE,2026-05-07
1001,Adv Java,Ali Azdar,19,Thursday,7,Practical,12:00,1,TRUE,2026-05-07
1001,CN,Aarya Bhatkar,19,Friday,8,Practical,10:00,1,TRUE,2026-05-08
1001,LAP,Aditiya Agarwal,19,Friday,8,Practical,11:00,1,TRUE,2026-05-08
1001,Adv Java,Ali Azdar,19,Friday,8,Theory,09:00,1,TRUE,2026-05-08
1001,DAA,Ali Azdar,19,Friday,8,Theory,10:00,1,TRUE,2026-05-08
1001,CN,Aarya Bhatkar,19,Friday,8,Practical,12:00,1,TRUE,2026-05-08
1001,LAP,Aditiya Agarwal,20,Monday,11,Practical,13:00,1,TRUE,2026-05-11
1001,Adv Java,Ali Azdar,20,Monday,11,Theory,11:00,1,TRUE,2026-05-11
1001,Adv Java,Ali Azdar,20,Tuesday,12,Theory,10:00,1,TRUE,2026-05-12
1001,RM,Geeta Brijwani,20,Tuesday,12,Theory,14:00,1,TRUE,2026-05-12
1001,LAP,Aditiya Agarwal,20,Tuesday,12,Theory,09:00,1,TRUE,2026-05-12
1001,LAP,Aditiya Agarwal,20,Wednesday,13,Theory,11:00,1,TRUE,2026-05-13
1001,DAA,Ali Azdar,20,Wednesday,13,Practical,10:00,1,TRUE,2026-05-13
1001,Dot NET,Geeta Brijwani,20,Wednesday,13,Practical,13:00,1,TRUE,2026-05-13
1001,Dot NET,Geeta Brijwani,20,Friday,15,Practical,10:00,1,TRUE,2026-05-15
1001,RM,Geeta Brijwani,20,Friday,15,Theory,12:00,1,TRUE,2026-05-15
1001,Adv Java,Ali Azdar,20,Friday,15,Theory,12:00,1,TRUE,2026-05-15
1001,CN,Aarya Bhatkar,21,Monday,18,Practical,10:00,1,TRUE,2026-05-18
1001,Dot NET,Geeta Brijwani,21,Monday,18,Practical,14:00,1,TRUE,2026-05-18
1001,Adv Java,Ali Azdar,21,Monday,18,Practical,11:00,1,TRUE,2026-05-18
1001,Dot NET,Geeta Brijwani,21,Tuesday,19,Theory,13:00,1,TRUE,2026-05-19
1001,LAP,Aditiya Agarwal,21,Tuesday,19,Theory,11:00,0,TRUE,2026-05-19
1001,Adv Java,Ali Azdar,21,Wednesday,20,Theory,12:00,1,TRUE,2026-05-20
1001,Dot NET,Geeta Brijwani,21,Wednesday,20,Theory,12:00,1,TRUE,2026-05-20
1001,Adv Java,Ali Azdar,21,Wednesday,20,Theory,09:00,1,TRUE,2026-05-20
1001,Adv Java,Ali Azdar,21,Thursday,21,Practical,12:00,1,TRUE,2026-05-21
1001,RM,Geeta Brijwani,21,Thursday,21,Practical,11:00,1,TRUE,2026-05-21
1001,Adv Java,Ali Azdar,21,Thursday,21,Theory,14:00,1,TRUE,2026-05-21
1001,Adv Java,Ali Azdar,21,Thursday,21,Practical,14:00,1,TRUE,2026-05-21
1001,CN,Aarya Bhatkar,21,Friday,22,Theory,11:00,1,TRUE,2026-05-22
1001,LAP,Aditiya Agarwal,21,Friday,22,Theory,13:00,0,TRUE,2026-05-22
1001,CN,Aarya Bhatkar,21,Friday,22,Practical,09:00,1,TRUE,2026-05-22
1001,LAP,Aditiya Agarwal,21,Friday,22,Practical,13:00,1,TRUE,2026-05-22
1001,RM,Geeta Brijwani,21,Friday,22,Theory,09:00,1,TRUE,2026-05-22
1001,LAP,Aditiya Agarwal,22,Monday,25,Practical,12:00,1,TRUE,2026-05-25
1001,LAP,Aditiya Agarwal,22,Monday,25,Theory,12:00,1,TRUE,2026-05-25
1001,DAA,Ali Azdar,22,Monday,25,Theory,10:00,1,TRUE,2026-05-25
1001,Adv Java,Ali Azdar,22,Monday,25,Theory,13:00,1,TRUE,2026-05-25
1001,CN,Aarya Bhatkar,22,Tuesday,26,Practical,14:00,1,TRUE,2026-05-26
1001,RM,Geeta Brijwani,22,Tuesday,26,Theory,12:00,1,TRUE,2026-05-26
1001,CN,Aarya Bhatkar,22,Tuesday,26,Practical,10:00,1,TRUE,2026-05-26
1001,LAP,Aditiya Agarwal,22,Tuesday,26,Theory,09:00,1,TRUE,2026-05-26
1001,DAA,Ali Azdar,22,Thursday,28,Theory,11:00,1,TRUE,2026-05-28
1001,LAP,Aditiya Agarwal,22,Thursday,28,Theory,09:00,1,TRUE,2026-05-28
1001,DAA,Ali Azdar,22,Thursday,28,Theory,10:00,1,TRUE,2026-05-28
1001,CN,Aarya Bhatkar,22,Thursday,28,Theory,13:00,1,TRUE,2026-05-28
1001,RM,Geeta Brijwani,22,Friday,29,Practical,12:00,1,TRUE,2026-05-29
1001,RM,Geeta Brijwani,22,Friday,29,Theory,09:00,0,TRUE,2026-05-29
1001,RM,Geeta Brijwani,22,Friday,29,Theory,10:00,1,TRUE,2026-05-29
1001,RM,Geeta Brijwani,22,Friday,29,Theory,10:00,1,TRUE,2026-05-29
1001,Adv Java,Ali Azdar,23,Monday,1,Theory,13:00,1,TRUE,2026-06-01
1001,LAP,Aditiya Agarwal,23,Monday,1,Theory,09:00,1,TRUE,2026-06-01
1001,CN,Aarya Bhatkar,23,Monday,1,Practical,12:00,1,TRUE,2026-06-01
1001,DAA,Ali Azdar,23,Monday,1,Theory,12:00,0,TRUE,2026-06-01
1001,RM,Geeta Brijwani,23,Monday,1,Theory,11:00,1,TRUE,2026-06-01
1001,Adv Java,Ali Azdar,23,Tuesday,2,Practical,14:00,1,TRUE,2026-06-02
1001,CN,Aarya Bhatkar,23,Tuesday,2,Theory,13:00,1,TRUE,2026-06-02
1001,DAA,Ali Azdar,23,Tuesday,2,Theory,12:00,1,TRUE,2026-06-02
1001,DAA,Ali Azdar,23,Tuesday,2,Theory,10:00,1,TRUE,2026-06-02
1001,Dot NET,Geeta Brijwani,23,Tuesday,2,Theory,10:00,1,TRUE,2026-06-02
1001,Adv Java,Ali Azdar,23,Wednesday,3,Theory,11:00,1,TRUE,2026-06-03
1001,Dot NET,Geeta Brijwani,23,Thursday,4,Practical,12:00,1,TRUE,2026-06-04
1001,Dot NET,Geeta Brijwani,23,Thursday,4,Practical,14:00,1,TRUE,2026-06-04
1001,DAA,Ali Azdar,24,Monday,8,Practical,11:00,1,TRUE,2026-06-08
1001,DAA,Ali Azdar,24,Monday,8,Theory,12:00,1,TRUE,2026-06-08
1001,LAP,Aditiya Agarwal,24,Monday,8,Theory,12:00,0,TRUE,2026-06-08
1001,Dot NET,Geeta Brijwani,24,Monday,8,Practical,14:00,1,TRUE,2026-06-08
1001,CN,Aarya Bhatkar,24,Monday,8,Practical,09:00,1,TRUE,2026-06-08
1001,DAA,Ali Azdar,24,Tuesday,9,Theory,10:00,1,TRUE,2026-06-09
1001,Adv Java,Ali Azdar,24,Tuesday,9,Practical,13:00,1,TRUE,2026-06-09
1001,Dot NET,Geeta Brijwani,24,Tuesday,9,Theory,12:00,1,TRUE,2026-06-09
1001,LAP,Aditiya Agarwal,24,Wednesday,10,Theory,11:00,1,TRUE,2026-06-10
1001,RM,Geeta Brijwani,24,Wednesday,10,Theory,12:00,1,TRUE,2026-06-10
1001,DAA,Ali Azdar,24,Wednesday,10,Practical,09:00,1,TRUE,2026-06-10
1001,Adv Java,Ali Azdar,24,Wednesday,10,Practical,10:00,1,TRUE,2026-06-10
1001,CN,Aarya Bhatkar,24,Friday,12,Practical,11:00,1,TRUE,2026-06-12
1001,RM,Geeta Brijwani,24,Friday,12,Theory,11:00,1,TRUE,2026-06-12
1001,Dot NET,Geeta Brijwani,24,Friday,12,Theory,09:00,1,TRUE,2026-06-12
1001,Adv Java,Ali Azdar,25,Monday,15,Theory,11:00,1,TRUE,2026-06-15
1001,RM,Geeta Brijwani,25,Monday,15,Practical,11:00,1,TRUE,2026-06-15
1001,LAP,Aditiya Agarwal,25,Monday,15,Theory,14:00,1,TRUE,2026-06-15
1001,Dot NET,Geeta Brijwani,25,Monday,15,Practical,09:00,1,TRUE,2026-06-15
1001,Dot NET,Geeta Brijwani,25,Wednesday,17,Practical,12:00,1,TRUE,2026-06-17
1001,DAA,Ali Azdar,25,Wednesday,17,Theory,13:00,1,TRUE,2026-06-17
1001,Adv Java,Ali Azdar,25,Wednesday,17,Theory,13:00,0,TRUE,2026-06-17
1001,DAA,Ali Azdar,25,Wednesday,17,Theory,13:00,1,TRUE,2026-06-17
1001,Dot NET,Geeta Brijwani,25,Thursday,18,Theory,10:00,1,TRUE,2026-06-18
1001,RM,Geeta Brijwani,25,Thursday,18,Theory,09:00,1,TRUE,2026-06-18
1001,DAA,Ali Azdar,25,Thursday,18,Practical,13:00,1,TRUE,2026-06-18
1001,Dot NET,Geeta Brijwani,25,Friday,19,Practical,13:00,1,TRUE,2026-06-19
1001,DAA,Ali Azdar,25,Friday,19,Theory,14:00,1,TRUE,2026-06-19
1001,DAA,Ali Azdar,25,Friday,19,Practical,12:00,1,TRUE,2026-06-19
1001,LAP,Aditiya Agarwal,25,Friday,19,Theory,09:00,1,TRUE,2026-06-19
1001,RM,Geeta Brijwani,26,Thursday,25,Theory,14:00,1,TRUE,2026-06-25
1001,LAP,Aditiya Agarwal,26,Thursday,25,Practical,14:00,1,TRUE,2026-06-25
1001,Dot NET,Geeta Brijwani,26,Friday,26,Practical,09:00,1,TRUE,2026-06-26
1001,DAA,Ali Azdar,26,Friday,26,Theory,14:00,1,TRUE,2026-06-26
1001,RM,Geeta Brijwani,26,Friday,26,Practical,13:00,1,TRUE,2026-06-26
1001,LAP,Aditiya Agarwal,27,Tuesday,30,Practical,10:00,1,TRUE,2026-06-30
1001,DAA,Ali Azdar,27,Tuesday,30,Practical,10:00,1,TRUE,2026-06-30
1001,Adv Java,Ali Azdar,27,Tuesday,30,Practical,11:00,1,TRUE,2026-06-30
1001,Dot NET,Geeta Brijwani,27,Wednesday,1,Theory,14:00,1,TRUE,2026-07-01
1001,RM,Geeta Brijwani,27,Wednesday,1,Theory,14:00,1,TRUE,2026-07-01
1001,Adv Java,Ali Azdar,27,Wednesday,1,Theory,09:00,1,TRUE,2026-07-01
1001,LAP,Aditiya Agarwal,27,Wednesday,1,Theory,09:00,1,TRUE,2026-07-01
1001,LAP,Aditiya Agarwal,27,Wednesday,1,Theory,10:00,1,TRUE,2026-07-01
1001,Adv Java,Ali Azdar,27,Thursday,2,Practical,10:00,1,TRUE,2026-07-02
1001,DAA,Ali Azdar,27,Thursday,2,Practical,14:00,1,TRUE,2026-07-02
1001,DAA,Ali Azdar,28,Monday,6,Theory,14:00,1,TRUE,2026-07-06
1001,Dot NET,Geeta Brijwani,28,Monday,6,Theory,11:00,1,TRUE,2026-07-06
1001,CN,Aarya Bhatkar,28,Monday,6,Theory,12:00,1,TRUE,2026-07-06
1001,DAA,Ali Azdar,28,Monday,6,Practical,14:00,1,TRUE,2026-07-06
1001,RM,Geeta Brijwani,28,Tuesday,7,Practical,12:00,1,TRUE,2026-07-07
1001,DAA,Ali Azdar,28,Tuesday,7,Theory,14:00,1,TRUE,2026-07-07
1001,Adv Java,Ali Azdar,28,Wednesday,8,Theory,10:00,1,TRUE,2026-07-08
1001,CN,Aarya Bhatkar,28,Wednesday,8,Practical,10:00,1,TRUE,2026-07-08
1001,DAA,Ali Azdar,28,Wednesday,8,Practical,12:00,1,TRUE,2026-07-08
1001,DAA,Ali Azdar,28,Wednesday,8,Theory,13:00,0,TRUE,2026-07-08
1001,LAP,Aditiya Agarwal,28,Thursday,9,Theory,11:00,1,TRUE,2026-07-09
1001,RM,Geeta Brijwani,28,Thursday,9,Theory,10:00,1,TRUE,2026-07-09
1001,Dot NET,Geeta Brijwani,29,Monday,13,Practical,12:00,1,TRUE,2026-07-13
1001,DAA,Ali Azdar,29,Monday,13,Theory,13:00,1,TRUE,2026-07-13
1001,DAA,Ali Azdar,29,Monday,13,Theory,11:00,1,TRUE,2026-07-13
1001,DAA,Ali Azdar,29,Tuesday,14,Theory,09:00,0,TRUE,2026-07-14
1001,RM,Geeta Brijwani,29,Thursday,16,Practical,13:00,1,TRUE,2026-07-16
1001,LAP,Aditiya Agarwal,29,Thursday,16,Theory,09:00,1,TRUE,2026-07-16
1001,LAP,Aditiya Agarwal,29,Friday,17,Practical,11:00,1,TRUE,2026-07-17
1001,DAA,Ali Azdar,29,Friday,17,Practical,10:00,1,TRUE,2026-07-17
1001,Adv Java,Ali Azdar,30,Monday,20,Theory,09:00,1,TRUE,2026-07-20
1001,RM,Geeta Brijwani,30,Monday,20,Practical,09:00,1,TRUE,2026-07-20
1001,Adv Java,Ali Azdar,30,Monday,20,Theory,14:00,1,TRUE,2026-07-20
1001,LAP,Aditiya Agarwal,30,Wednesday,22,Practical,14:00,1,TRUE,2026-07-22
1001,Adv Java,Ali Azdar,30,Wednesday,22,Practical,12:00,1,TRUE,2026-07-22
1001,Adv Java,Ali Azdar,30,Wednesday,22,Theory,09:00,1,TRUE,2026-07-22
1001,Adv Java,Ali Azdar,30,Thursday,23,Theory,14:00,1,TRUE,2026-07-23
1001,LAP,Aditiya Agarwal,30,Thursday,23,Practical,14:00,0,TRUE,2026-07-23
1001,RM,Geeta Brijwani,31,Tuesday,28,Practical,11:00,1,TRUE,2026-07-28
1001,Adv Java,Ali Azdar,31,Tuesday,28,Theory,12:00,1,TRUE,2026-07-28
1001,Adv Java,Ali Azdar,31,Tuesday,28,Practical,14:00,1,TRUE,2026-07-28
1001,LAP,Aditiya Agarwal,31,Tuesday,28,Theory,13:00,1,TRUE,2026-07-28
1001,DAA,Ali Azdar,31,Wednesday,29,Theory,12:00,1,TRUE,2026-07-29
1001,LAP,Aditiya Agarwal,31,Wednesday,29,Practical,14:00,1,TRUE,2026-07-29
1001,DAA,Ali Azdar,31,Thursday,30,Theory,11:00,1,TRUE,2026-07-30
1001,DAA,Ali Azdar,31,Thursday,30,Theory,13:00,1,TRUE,2026-07-30
1001,CN,Aarya Bhatkar,31,Friday,31,Practical,14:00,1,TRUE,2026-07-31
1001,CN,Aarya Bhatkar,31,Friday,31,Theory,11:00,1,TRUE,2026-07-31
1001,CN,Aarya Bhatkar,31,Friday,31,Theory,13:00,1,TRUE,2026-07-31
1001,Dot NET,Geeta Brijwani,31,Friday,31,Theory,12:00,1,TRUE,2026-07-31
1001,Adv Java,Ali Azdar,31,Friday,31,Theory,11:00,1,TRUE,2026-07-31
1001,RM,Geeta Brijwani,32,Wednesday,5,Theory,10:00,1,TRUE,2026-08-05
1001,Adv Java,Ali Azdar,32,Wednesday,5,Practical,11:00,1,TRUE,2026-08-05
1001,CN,Aarya Bhatkar,32,Wednesday,5,Theory,14:00,1,TRUE,2026-08-05
1001,CN,Aarya Bhatkar,32,Wednesday,5,Theory,10:00,1,TRUE,2026-08-05
1001,Dot NET,Geeta Brijwani,32,Friday,7,Theory,10:00,1,TRUE,2026-08-07
1001,RM,Geeta Brijwani,32,Friday,7,Practical,10:00,1,TRUE,2026-08-07
1001,DAA,Ali Azdar,32,Friday,7,Practical,10:00,1,TRUE,2026-08-07
1001,Adv Java,Ali Azdar,32,Friday,7,Theory,11:00,1,TRUE,2026-08-07
1001,Adv Java,Ali Azdar,33,Monday,10,Practical,09:00,1,TRUE,2026-08-10
1001,RM,Geeta Brijwani,33,Monday,10,Theory,11:00,1,TRUE,2026-08-10
1001,Adv Java,Ali Azdar,33,Monday,10,Theory,12:00,0,TRUE,2026-08-10
1001,CN,Aarya Bhatkar,33,Tuesday,11,Theory,12:00,1,TRUE,2026-08-11
1001,Adv Java,Ali Azdar,33,Tuesday,11,Practical,11:00,1,TRUE,2026-08-11
1001,DAA,Ali Azdar,33,Tuesday,11,Theory,11:00,1,TRUE,2026-08-11
1001,CN,Aarya Bhatkar,33,Thursday,13,Theory,12:00,1,TRUE,2026-08-13
1001,DAA,Ali Azdar,33,Thursday,13,Practical,14:00,1,TRUE,2026-08-13
1001,CN,Aarya Bhatkar,33,Thursday,13,Theory,10:00,1,TRUE,2026-08-13
1001,LSA,Nikita Sharma,36,Saturday,5,Theory,09:00,1,TRUE,2026-09-05
1001,DevOps,Aditiya Agarwal,36,Saturday,5,Theory,14:00,1,TRUE,2026-09-05
1001,INS,Nikita Sharma,36,Saturday,5,Practical,12:00,1,TRUE,2026-09-05
1001,DevOps,Aditiya Agarwal,37,Monday,7,Practical,11:00,1,TRUE,2026-09-07
1001,SPM,Ali Azdar,37,Monday,7,Theory,12:00,1,TRUE,2026-09-07
1001,INS,Nikita Sharma,37,Wednesday,9,Theory,13:00,1,TRUE,2026-09-09
1001,LSA,Nikita Sharma,37,Wednesday,9,Practical,13:00,1,TRUE,2026-09-09
1001,DWM,Aarya Bhatkar,37,Wednesday,9,Practical,14:00,1,TRUE,2026-09-09
1001,DWM,Aarya Bhatkar,37,Wednesday,9,Practical,09:00,1,TRUE,2026-09-09
1001,LSA,Nikita Sharma,37,Wednesday,9,Practical,10:00,1,TRUE,2026-09-09
1001,DevOps,Aditiya Agarwal,37,Saturday,12,Theory,09:00,1,TRUE,2026-09-12
1001,DevOps,Aditiya Agarwal,37,Saturday,12,Theory,11:00,1,TRUE,2026-09-12
1001,DWM,Aarya Bhatkar,37,Saturday,12,Practical,14:00,0,TRUE,2026-09-12
1001,LSA,Nikita Sharma,38,Monday,14,Theory,09:00,1,TRUE,2026-09-14
1001,SPM,Ali Azdar,38,Monday,14,Practical,13:00,1,TRUE,2026-09-14
1001,INS,Nikita Sharma,38,Tuesday,15,Practical,12:00,1,TRUE,2026-09-15
1001,DevOps,Aditiya Agarwal,38,Tuesday,15,Practical,10:00,1,TRUE,2026-09-15
1001,INS,Nikita Sharma,38,Tuesday,15,Practical,09:00,1,TRUE,2026-09-15
1001,DevOps,Aditiya Agarwal,38,Tuesday,15,Theory,09:00,1,TRUE,2026-09-15
1001,SPM,Ali Azdar,38,Wednesday,16,Theory,10:00,1,TRUE,2026-09-16
1001,DWM,Aarya Bhatkar,38,Wednesday,16,Theory,13:00,1,TRUE,2026-09-16
1001,DWM,Aarya Bhatkar,38,Wednesday,16,Theory,09:00,1,TRUE,2026-09-16
1001,LSA,Nikita Sharma,38,Thursday,17,Practical,11:00,1,TRUE,2026-09-17
1001,LSA,Nikita Sharma,38,Thursday,17,Theory,09:00,1,TRUE,2026-09-17
1001,INS,Nikita Sharma,38,Thursday,17,Theory,14:00,0,TRUE,2026-09-17
1001,INS,Nikita Sharma,38,Thursday,17,Theory,13:00,1,TRUE,2026-09-17
1001,DWM,Aarya Bhatkar,38,Thursday,17,Practical,12:00,1,TRUE,2026-09-17
1001,SPM,Ali Azdar,38,Saturday,19,Theory,10:00,0,TRUE,2026-09-19
1001,SPM,Ali Azdar,38,Saturday,19,Theory,11:00,1,TRUE,2026-09-19
1001,DWM,Aarya Bhatkar,38,Saturday,19,Theory,12:00,1,TRUE,2026-09-19
1001,DevOps,Aditiya Agarwal,38,Saturday,19,Theory,09:00,1,TRUE,2026-09-19
1001,DWM,Aarya Bhatkar,39,Monday,21,Theory,14:00,1,TRUE,2026-09-21
1001,LSA,Nikita Sharma,39,Monday,21,Practical,14:00,1,TRUE,2026-09-21
1001,SPM,Ali Azdar,39,Monday,21,Practical,10:00,1,TRUE,2026-09-21
1001,SPM,Ali Azdar,39,Tuesday,22,Theory,12:00,1,TRUE,2026-09-22
1001,INS,Nikita Sharma,39,Tuesday,22,Theory,13:00,1,TRUE,2026-09-22
1001,LSA,Nikita Sharma,39,Tuesday,22,Theory,11:00,1,TRUE,2026-09-22
1001,DevOps,Aditiya Agarwal,40,Monday,28,Theory,11:00,1,TRUE,2026-09-28
1001,SPM,Ali Azdar,40,Monday,28,Theory,12:00,0,TRUE,2026-09-28
1001,DevOps,Aditiya Agarwal,40,Monday,28,Theory,10:00,0,TRUE,2026-09-28
1001,LSA,Nikita Sharma,40,Monday,28,Theory,12:00,1,TRUE,2026-09-28
1001,DevOps,Aditiya Agarwal,40,Tuesday,29,Practical,12:00,1,TRUE,2026-09-29
1001,DevOps,Aditiya Agarwal,40,Tuesday,29,Practical,11:00,1,TRUE,2026-09-29
1001,DWM,Aarya Bhatkar,40,Wednesday,30,Practical,09:00,1,TRUE,2026-09-30
1001,INS,Nikita Sharma,40,Wednesday,30,Practical,14:00,1,TRUE,2026-09-30
1001,INS,Nikita Sharma,40,Thursday,1,Practical,10:00,1,TRUE,2026-10-01
1001,DWM,Aarya Bhatkar,40,Thursday,1,Theory,10:00,1,TRUE,2026-10-01
1001,LSA,Nikita Sharma,40,Saturday,3,Theory,11:00,1,TRUE,2026-10-03
1001,DWM,Aarya Bhatkar,40,Saturday,3,Theory,14:00,1,TRUE,2026-10-03
1001,SPM,Ali Azdar,41,Monday,5,Theory,10:00,1,TRUE,2026-10-05
1001,SPM,Ali Azdar,41,Monday,5,Theory,10:00,1,TRUE,2026-10-05
1001,INS,Nikita Sharma,41,Monday,5,Theory,14:00,1,TRUE,2026-10-05
1001,DWM,Aarya Bhatkar,41,Monday,5,Practical,10:00,1,TRUE,2026-10-05
1001,SPM,Ali Azdar,41,Tuesday,6,Theory,13:00,1,TRUE,2026-10-06
1001,LSA,Nikita Sharma,41,Tuesday,6,Practical,11:00,1,TRUE,2026-10-06
1001,LSA,Nikita Sharma,41,Tuesday,6,Theory,14:00,1,TRUE,2026-10-06
1001,DevOps,Aditiya Agarwal,41,Tuesday,6,Practical,13:00,1,TRUE,2026-10-06
1001,DWM,Aarya Bhatkar,41,Wednesday,7,Theory,13:00,1,TRUE,2026-10-07
1001,DWM,Aarya Bhatkar,41,Wednesday,7,Theory,10:00,1,TRUE,2026-10-07
1001,DevOps,Aditiya Agarwal,41,Wednesday,7,Theory,13:00,1,TRUE,2026-10-07
1001,INS,Nikita Sharma,41,Wednesday,7,Theory,14:00,0,TRUE,2026-10-07
1001,DevOps,Aditiya Agarwal,41,Wednesday,7,Theory,14:00,1,TRUE,2026-10-07
1001,LSA,Nikita Sharma,41,Thursday,8,Practical,10:00,1,TRUE,2026-10-08
1001,DevOps,Aditiya Agarwal,41,Thursday,8,Theory,12:00,1,TRUE,2026-10-08
1001,DWM,Aarya Bhatkar,41,Thursday,8,Theory,12:00,1,TRUE,2026-10-08
1001,SPM,Ali Azdar,41,Saturday,10,Theory,09:00,1,TRUE,2026-10-10
1001,DWM,Aarya Bhatkar,41,Saturday,10,Theory,09:00,1,TRUE,2026-10-10
1001,INS,Nikita Sharma,42,Monday,12,Practical,13:00,1,TRUE,2026-10-12
1001,DWM,Aarya Bhatkar,42,Monday,12,Theory,12:00,0,TRUE,2026-10-12
1001,LSA,Nikita Sharma,42,Monday,12,Theory,14:00,1,TRUE,2026-10-12
1001,DWM,Aarya Bhatkar,42,Tuesday,13,Practical,09:00,1,TRUE,2026-10-13
1001,DWM,Aarya Bhatkar,42,Tuesday,13,Practical,11:00,1,TRUE,2026-10-13
1001,INS,Nikita Sharma,42,Wednesday,14,Practical,09:00,1,TRUE,2026-10-14
1001,DWM,Aarya Bhatkar,42,Wednesday,14,Theory,10:00,1,TRUE,2026-10-14
1001,SPM,Ali Azdar,42,Wednesday,14,Theory,09:00,1,TRUE,2026-10-14
1001,INS,Nikita Sharma,42,Wednesday,14,Theory,12:00,1,TRUE,2026-10-14
1001,DWM,Aarya Bhatkar,42,Wednesday,14,Theory,09:00,1,TRUE,2026-10-14
1001,INS,Nikita Sharma,42,Thursday,15,Theory,10:00,1,TRUE,2026-10-15
1001,DevOps,Aditiya Agarwal,42,Thursday,15,Practical,13:00,1,TRUE,2026-10-15
1001,LSA,Nikita Sharma,42,Thursday,15,Theory,10:00,1,TRUE,2026-10-15
1001,DWM,Aarya Bhatkar,42,Thursday,15,Theory,14:00,0,TRUE,2026-10-15
1001,DevOps,Aditiya Agarwal,42,Saturday,17,Practical,10:00,1,TRUE,2026-10-17
1001,SPM,Ali Azdar,42,Saturday,17,Theory,11:00,1,TRUE,2026-10-17
1001,SPM,Ali Azdar,43,Tuesday,20,Practical,14:00,1,TRUE,2026-10-20
1001,DWM,Aarya Bhatkar,43,Tuesday,20,Theory,12:00,1,TRUE,2026-10-20
1001,DWM,Aarya Bhatkar,43,Tuesday,20,Theory,10:00,1,TRUE,2026-10-20
1001,INS,Nikita Sharma,43,Thursday,22,Practical,10:00,1,TRUE,2026-10-22
1001,SPM,Ali Azdar,43,Thursday,22,Practical,12:00,1,TRUE,2026-10-22
1001,INS,Nikita Sharma,43,Thursday,22,Practical,09:00,1,TRUE,2026-10-22
1001,LSA,Nikita Sharma,43,Thursday,22,Theory,11:00,1,TRUE,2026-10-22
1001,SPM,Ali Azdar,43,Saturday,24,Practical,11:00,1,TRUE,2026-10-24
1001,DevOps,Aditiya Agarwal,43,Saturday,24,Theory,13:00,1,TRUE,2026-10-24
1001,SPM,Ali Azdar,44,Monday,26,Practical,12:00,1,TRUE,2026-10-26
1001,LSA,Nikita Sharma,44,Monday,26,Practical,10:00,1,TRUE,2026-10-26
1001,SPM,Ali Azdar,44,Monday,26,Practical,13:00,1,TRUE,2026-10-26
1001,LSA,Nikita Sharma,44,Monday,26,Practical,11:00,1,TRUE,2026-10-26
1001,SPM,Ali Azdar,44,Tuesday,27,Practical,10:00,1,TRUE,2026-10-27
1001,DevOps,Aditiya Agarwal,44,Tuesday,27,Theory,10:00,1,TRUE,2026-10-27
1001,INS,Nikita Sharma,44,Tuesday,27,Practical,13:00,1,TRUE,2026-10-27
1001,LSA,Nikita Sharma,44,Tuesday,27,Practical,09:00,1,TRUE,2026-10-27
1001,DevOps,Aditiya Agarwal,44,Thursday,29,Theory,11:00,0,TRUE,2026-10-29
1001,SPM,Ali Azdar,44,Thursday,29,Practical,10:00,1,TRUE,2026-10-29
1001,SPM,Ali Azdar,44,Thursday,29,Practical,14:00,1,TRUE,2026-10-29
1001,LSA,Nikita Sharma,44,Thursday,29,Theory,09:00,1,TRUE,2026-10-29
1001,SPM,Ali Azdar,44,Thursday,29,Theory,12:00,1,TRUE,2026-10-29
1001,LSA,Nikita Sharma,45,Monday,2,Theory,09:00,1,TRUE,2026-11-02
1001,SPM,Ali Azdar,45,Monday,2,Practical,14:00,1,TRUE,2026-11-02
1001,SPM,Ali Azdar,45,Monday,2,Theory,14:00,1,TRUE,2026-11-02
1001,LSA,Nikita Sharma,45,Monday,2,Theory,13:00,1,TRUE,2026-11-02
1001,LSA,Nikita Sharma,45,Tuesday,3,Practical,14:00,0,TRUE,2026-11-03
1001,DevOps,Aditiya Agarwal,45,Tuesday,3,Practical,12:00,0,TRUE,2026-11-03
1001,SPM,Ali Azdar,45,Tuesday,3,Theory,14:00,1,TRUE,2026-11-03
1001,INS,Nikita Sharma,45,Tuesday,3,Theory,10:00,1,TRUE,2026-11-03
1001,LSA,Nikita Sharma,45,Tuesday,3,Theory,13:00,1,TRUE,2026-11-03
1001,DevOps,Aditiya Agarwal,45,Wednesday,4,Practical,14:00,1,TRUE,2026-11-04
1001,SPM,Ali Azdar,45,Wednesday,4,Theory,10:00,1,TRUE,2026-11-04
1001,LSA,Nikita Sharma,45,Thursday,5,Theory,14:00,1,TRUE,2026-11-05
1001,DWM,Aarya Bhatkar,45,Thursday,5,Theory,11:00,1,TRUE,2026-11-05
1001,LSA,Nikita Sharma,45,Saturday,7,Theory,14:00,1,TRUE,2026-11-07
1001,SPM,Ali Azdar,45,Saturday,7,Practical,09:00,1,TRUE,2026-11-07
1001,DWM,Aarya Bhatkar,45,Saturday,7,Practical,13:00,1,TRUE,2026-11-07
1001,INS,Nikita Sharma,46,Tuesday,10,Theory,13:00,1,TRUE,2026-11-10
1001,DevOps,Aditiya Agarwal,46,Tuesday,10,Theory,14:00,1,TRUE,2026-11-10
1001,LSA,Nikita Sharma,46,Tuesday,10,Practical,13:00,1,TRUE,2026-11-10
1001,SPM,Ali Azdar,46,Tuesday,10,Practical,09:00,1,TRUE,2026-11-10
1001,LSA,Nikita Sharma,46,Saturday,14,Theory,14:00,1,TRUE,2026-11-14
1001,DWM,Aarya Bhatkar,46,Saturday,14,Theory,09:00,1,TRUE,2026-11-14
1001,SPM,Ali Azdar,47,Monday,16,Theory,10:00,1,TRUE,2026-11-16
1001,LSA,Nikita Sharma,47,Monday,16,Practical,09:00,1,TRUE,2026-11-16
1001,DWM,Aarya Bhatkar,47,Monday,16,Practical,14:00,1,TRUE,2026-11-16
1001,DWM,Aarya Bhatkar,47,Monday,16,Practical,13:00,1,TRUE,2026-11-16
1001,SPM,Ali Azdar,47,Monday,16,Theory,13:00,1,TRUE,2026-11-16
1001,DevOps,Aditiya Agarwal,47,Wednesday,18,Theory,13:00,1,TRUE,2026-11-18
1001,DevOps,Aditiya Agarwal,47,Wednesday,18,Theory,11:00,1,TRUE,2026-11-18
1001,LSA,Nikita Sharma,47,Wednesday,18,Theory,13:00,1,TRUE,2026-11-18
1001,INS,Nikita Sharma,47,Wednesday,18,Theory,09:00,1,TRUE,2026-11-18
1001,INS,Nikita Sharma,47,Thursday,19,Practical,11:00,1,TRUE,2026-11-19
1001,DevOps,Aditiya Agarwal,47,Thursday,19,Theory,10:00,1,TRUE,2026-11-19
1001,DevOps,Aditiya Agarwal,47,Saturday,21,Practical,12:00,1,TRUE,2026-11-21
1001,SPM,Ali Azdar,47,Saturday,21,Practical,13:00,0,TRUE,2026-11-21
1001,DWM,Aarya Bhatkar,48,Monday,23,Theory,12:00,1,TRUE,2026-11-23
1001,LSA,Nikita Sharma,48,Monday,23,Theory,11:00,1,TRUE,2026-11-23
1001,SPM,Ali Azdar,48,Monday,23,Theory,09:00,1,TRUE,2026-11-23
1001,DevOps,Aditiya Agarwal,48,Wednesday,25,Theory,13:00,1,TRUE,2026-11-25
1001,SPM,Ali Azdar,48,Wednesday,25,Practical,13:00,1,TRUE,2026-11-25
1001,DevOps,Aditiya Agarwal,48,Wednesday,25,Theory,11:00,0,TRUE,2026-11-25
1001,DWM,Aarya Bhatkar,48,Thursday,26,Practical,11:00,1,TRUE,2026-11-26
1001,DevOps,Aditiya Agarwal,48,Thursday,26,Practical,10:00,1,TRUE,2026-11-26
1001,DevOps,Aditiya Agarwal,48,Thursday,26,Theory,10:00,1,TRUE,2026-11-26
1001,DevOps,Aditiya Agarwal,48,Thursday,26,Theory,14:00,1,TRUE,2026-11-26
1001,DWM,Aarya Bhatkar,48,Saturday,28,Practical,10:00,1,TRUE,2026-11-28
1001,SPM,Ali Azdar,48,Saturday,28,Theory,10:00,1,TRUE,2026-11-28
1001,LSA,Nikita Sharma,49,Monday,30,Practical,10:00,0,TRUE,2026-11-30
1001,SPM,Ali Azdar,49,Monday,30,Practical,09:00,1,TRUE,2026-11-30
1001,SPM,Ali Azdar,49,Monday,30,Theory,11:00,1,TRUE,2026-11-30
1001,INS,Nikita Sharma,49,Wednesday,2,Practical,12:00,1,TRUE,2026-12-02
1001,INS,Nikita Sharma,49,Wednesday,2,Practical,12:00,1,TRUE,2026-12-02
1001,LSA,Nikita Sharma,49,Wednesday,2,Theory,13:00,1,TRUE,2026-12-02
1001,SPM,Ali Azdar,49,Wednesday,2,Theory,09:00,1,TRUE,2026-12-02
1001,DWM,Aarya Bhatkar,49,Wednesday,2,Theory,12:00,1,TRUE,2026-12-02
1001,DevOps,Aditiya Agarwal,49,Thursday,3,Practical,12:00,1,TRUE,2026-12-03
1001,INS,Nikita Sharma,49,Thursday,3,Theory,09:00,1,TRUE,2026-12-03
1001,LSA,Nikita Sharma,49,Thursday,3,Practical,12:00,1,TRUE,2026-12-03
1001,INS,Nikita Sharma,49,Thursday,3,Theory,11:00,1,TRUE,2026-12-03
1001,LSA,Nikita Sharma,50,Monday,7,Theory,13:00,1,TRUE,2026-12-07
1001,DWM,Aarya Bhatkar,50,Monday,7,Theory,11:00,1,TRUE,2026-12-07
1001,LSA,Nikita Sharma,50,Monday,7,Theory,09:00,1,TRUE,2026-12-07
1001,LSA,Nikita Sharma,50,Monday,7,Theory,11:00,1,TRUE,2026-12-07
1001,DevOps,Aditiya Agarwal,50,Monday,7,Practical,09:00,1,TRUE,2026-12-07
1001,DevOps,Aditiya Agarwal,50,Tuesday,8,Theory,10:00,1,TRUE,2026-12-08
1001,DWM,Aarya Bhatkar,50,Tuesday,8,Practical,12:00,0,TRUE,2026-12-08
1001,DWM,Aarya Bhatkar,50,Tuesday,8,Theory,13:00,1,TRUE,2026-12-08
1001,DWM,Aarya Bhatkar,50,Wednesday,9,Theory,13:00,1,TRUE,2026-12-09
1001,INS,Nikita Sharma,50,Wednesday,9,Practical,12:00,0,TRUE,2026-12-09
1001,DevOps,Aditiya Agarwal,50,Wednesday,9,Theory,14:00,1,TRUE,2026-12-09
1001,DevOps,Aditiya Agarwal,50,Wednesday,9,Theory,10:00,1,TRUE,2026-12-09
1001,INS,Nikita Sharma,50,Wednesday,9,Theory,11:00,1,TRUE,2026-12-09
1001,DWM,Aarya Bhatkar,50,Thursday,10,Theory,09:00,1,TRUE,2026-12-10
1001,LSA,Nikita Sharma,50,Thursday,10,Theory,11:00,1,TRUE,2026-12-10
1001,DevOps,Aditiya Agarwal,50,Saturday,12,Practical,12:00,1,TRUE,2026-12-12
1001,DWM,Aarya Bhatkar,50,Saturday,12,Practical,10:00,1,TRUE,2026-12-12
1001,DevOps,Aditiya Agarwal,51,Monday,14,Practical,10:00,1,TRUE,2026-12-14
1001,LSA,Nikita Sharma,51,Tuesday,15,Theory,11:00,1,TRUE,2026-12-15
1001,DevOps,Aditiya Agarwal,51,Tuesday,15,Theory,14:00,1,TRUE,2026-12-15
1001,SPM,Ali Azdar,51,Wednesday,16,Theory,10:00,1,TRUE,2026-12-16
1001,DevOps,Aditiya Agarwal,51,Wednesday,16,Theory,09:00,1,TRUE,2026-12-16
1001,LSA,Nikita Sharma,51,Wednesday,16,Theory,14:00,1,TRUE,2026-12-16
1001,DevOps,Aditiya Agarwal,51,Wednesday,16,Theory,10:00,1,TRUE,2026-12-16
1001,SPM,Ali Azdar,51,Thursday,17,Theory,13:00,1,TRUE,2026-12-17
1001,SPM,Ali Azdar,51,Thursday,17,Practical,14:00,1,TRUE,2026-12-17
1001,SPM,Ali Azdar,51,Thursday,17,Practical,13:00,1,TRUE,2026-12-17
1001,LSA,Nikita Sharma,51,Thursday,17,Theory,14:00,1,TRUE,2026-12-17
1001,DevOps,Aditiya Agarwal,51,Saturday,19,Theory,09:00,0,TRUE,2026-12-19
1001,DevOps,Aditiya Agarwal,51,Saturday,19,Practical,12:00,1,TRUE,2026-12-19
1001,DWM,Aarya Bhatkar,51,Saturday,19,Practical,13:00,1,TRUE,2026-12-19
1001,SPM,Ali Azdar,52,Monday,21,Theory,10:00,1,TRUE,2026-12-21
1001,INS,Nikita Sharma,52,Monday,21,Theory,09:00,1,TRUE,2026-12-21
1001,DWM,Aarya Bhatkar,52,Monday,21,Theory,09:00,1,TRUE,2026-12-21
1001,DevOps,Aditiya Agarwal,52,Tuesday,22,Theory,11:00,1,TRUE,2026-12-22
1001,LSA,Nikita Sharma,52,Tuesday,22,Theory,10:00,1,TRUE,2026-12-22
1001,INS,Nikita Sharma,52,Wednesday,23,Theory,09:00,1,TRUE,2026-12-23
1001,DevOps,Aditiya Agarwal,52,Wednesday,23,Practical,13:00,1,TRUE,2026-12-23
1001,LSA,Nikita Sharma,52,Thursday,24,Theory,13:00,1,TRUE,2026-12-24
1001,SPM,Ali Azdar,52,Thursday,24,Practical,12:00,1,TRUE,2026-12-24
1001,INS,Nikita Sharma,52,Saturday,26,Theory,11:00,0,TRUE,2026-12-26
1001,SPM,Ali Azdar,52,Saturday,26,Practical,11:00,1,TRUE,2026-12-26
1001,DevOps,Aditiya Agarwal,52,Saturday,26,Practical,13:00,1,TRUE,2026-12-26
1001,INS,Nikita Sharma,53,Tuesday,29,Practical,10:00,1,TRUE,2026-12-29
1001,INS,Nikita Sharma,53,Tuesday,29,Theory,14:00,1,TRUE,2026-12-29
1001,SPM,Ali Azdar,53,Wednesday,30,Theory,10:00,1,TRUE,2026-12-30
1001,DWM,Aarya Bhatkar,53,Wednesday,30,Practical,09:00,1,TRUE,2026-12-30
1001,SPM,Ali Azdar,53,Wednesday,30,Practical,13:00,1,TRUE,2026-12-30
1001,SPM,Ali Azdar,53,Wednesday,30,Theory,09:00,1,TRUE,2026-12-30
1001,DevOps,Aditiya Agarwal,53,Wednesday,30,Theory,13:00,1,TRUE,2026-12-30
1001,DWM,Aarya Bhatkar,53,Thursday,31,Practical,11:00,1,TRUE,2026-12-31
1001,LSA,Nikita Sharma,53,Thursday,31,Theory,12:00,1,TRUE,2026-12-31
1001,DevOps,Aditiya Agarwal,53,Thursday,31,Theory,14:00,1,TRUE,2026-12-31
1001,DevOps,Aditiya Agarwal,53,Thursday,31,Theory,09:00,1,TRUE,2026-12-31
1001,DevOps,Aditiya Agarwal,2,Monday,4,Theory,14:00,1,TRUE,2027-01-04
1001,INS,Nikita Sharma,2,Monday,4,Practical,10:00,1,TRUE,2027-01-04
1001,SPM,Ali Azdar,2,Monday,4,Theory,13:00,1,TRUE,2027-01-04
1001,DWM,Aarya Bhatkar,2,Tuesday,5,Theory,14:00,1,TRUE,2027-01-05
1001,DevOps,Aditiya Agarwal,2,Tuesday,5,Theory,10:00,1,TRUE,2027-01-05
1001,SPM,Ali Azdar,2,Wednesday,6,Theory,14:00,1,TRUE,2027-01-06
1001,SPM,Ali Azdar,2,Wednesday,6,Theory,14:00,1,TRUE,2027-01-06
1001,DWM,Aarya Bhatkar,2,Thursday,7,Practical,13:00,1,TRUE,2027-01-07
1001,DevOps,Aditiya Agarwal,2,Thursday,7,Theory,10:00,1,TRUE,2027-01-07
1001,SPM,Ali Azdar,2,Thursday,7,Theory,12:00,1,TRUE,2027-01-07
1001,DevOps,Aditiya Agarwal,2,Thursday,7,Practical,12:00,0,TRUE,2027-01-07
1001,DWM,Aarya Bhatkar,2,Thursday,7,Practical,09:00,1,TRUE,2027-01-07
1001,CSF,Geeta Brijwani,27,Wednesday,1,Theory,13:00,1,TRUE,2026-07-01
1001,CSF,Geeta Brijwani,27,Wednesday,1,Theory,09:00,1,TRUE,2026-07-01
1001,CSF,Geeta Brijwani,27,Wednesday,1,Theory,09:00,1,TRUE,2026-07-01
1001,BDA,Nikita Sharma,27,Wednesday,1,Practical,14:00,1,TRUE,2026-07-01
1001,CSF,Geeta Brijwani,27,Wednesday,1,Practical,12:00,1,TRUE,2026-07-01
1001,BDA,Nikita Sharma,27,Wednesday,1,Theory,11:00,1,TRUE,2026-07-01
1001,WSN,Aditiya Agarwal,27,Wednesday,1,Practical,13:00,1,TRUE,2026-07-01
1001,CSF,Geeta Brijwani,27,Wednesday,1,Theory,11:00,1,TRUE,2026-07-01
1001,BDA,Nikita Sharma,27,Wednesday,1,Theory,09:00,0,TRUE,2026-07-01
1001,WSN,Aditiya Agarwal,27,Wednesday,1,Theory,13:00,1,TRUE,2026-07-01
1001,ML,,27,Wednesday,1,Theory,09:00,1,TRUE,2026-07-01
1001,WSN,Aditiya Agarwal,27,Wednesday,1,Theory,09:00,1,TRUE,2026-07-01
1001,WSN,Aditiya Agarwal,27,Wednesday,1,Practical,14:00,1,TRUE,2026-07-01
1001,ML,,27,Wednesday,1,Theory,14:00,1,TRUE,2026-07-01
1001,CC,,27,Wednesday,1,Practical,11:00,0,TRUE,2026-07-01
1001,BDA,Nikita Sharma,28,Wednesday,8,Practical,12:00,1,TRUE,2026-07-08
1001,ML,,28,Wednesday,8,Practical,09:00,1,TRUE,2026-07-08
1001,ML,,28,Wednesday,8,Theory,10:00,0,TRUE,2026-07-08
1001,CC,,28,Wednesday,8,Practical,13:00,1,TRUE,2026-07-08
1001,CC,,28,Wednesday,8,Theory,10:00,0,TRUE,2026-07-08
1001,CC,,28,Wednesday,8,Theory,09:00,1,TRUE,2026-07-08
1001,CSF,Geeta Brijwani,28,Wednesday,8,Theory,09:00,1,TRUE,2026-07-08
1001,CC,,28,Wednesday,8,Theory,12:00,1,TRUE,2026-07-08
1001,BDA,Nikita Sharma,28,Wednesday,8,Theory,12:00,1,TRUE,2026-07-08
1001,WSN,Aditiya Agarwal,28,Wednesday,8,Theory,13:00,1,TRUE,2026-07-08
1001,ML,,28,Wednesday,8,Theory,11:00,1,TRUE,2026-07-08
1001,ML,,29,Wednesday,15,Practical,12:00,1,TRUE,2026-07-15
1001,CSF,Geeta Brijwani,29,Wednesday,15,Practical,11:00,1,TRUE,2026-07-15
1001,WSN,Aditiya Agarwal,29,Wednesday,15,Practical,11:00,1,TRUE,2026-07-15
1001,ML,,29,Wednesday,15,Theory,11:00,1,TRUE,2026-07-15
1001,CSF,Geeta Brijwani,29,Wednesday,15,Theory,13:00,1,TRUE,2026-07-15
1001,CSF,Geeta Brijwani,29,Wednesday,15,Theory,09:00,0,TRUE,2026-07-15
1001,BDA,Nikita Sharma,29,Wednesday,15,Theory,11:00,1,TRUE,2026-07-15
1001,WSN,Aditiya Agarwal,29,Wednesday,15,Practical,12:00,1,TRUE,2026-07-15
